Sampleid,Tissue type specific,Tissue type
GTEX-N7MS-0007-SM-2D7W1,Whole Blood,Blood
GTEX-N7MS-0011-R10A-SM-2HMJK,Brain - Frontal Cortex (BA9),Brain
GTEX-N7MS-0011-R11A-SM-2HMJS,Brain - Cerebellar Hemisphere,Brain
GTEX-N7MS-0011-R1a-SM-2HMJG,Brain - Hippocampus,Brain
GTEX-N7MS-0011-R2a-SM-2HML6,Brain - Substantia nigra,Brain
GTEX-N7MS-0011-R3a-SM-33HC6,Brain - Anterior cingulate cortex (BA24),Brain
GTEX-N7MS-0011-R4a-SM-2HMKW,Brain - Amygdala,Brain
GTEX-N7MS-0011-R5a-SM-2HMK8,Brain - Caudate (basal ganglia),Brain
GTEX-N7MS-0011-R6a-SM-2HMJ4,Brain - Nucleus accumbens (basal ganglia),Brain
GTEX-N7MS-0011-R7a-SM-2HMKN,Brain - Putamen (basal ganglia),Brain
GTEX-N7MS-0011-R8a-SM-2YUMK,Brain - Hypothalamus,Brain
GTEX-N7MS-0126-SM-3TW8O,Testis,Testis
GTEX-N7MS-0426-SM-2YUN6,Muscle - Skeletal,Muscle
GTEX-N7MS-0626-SM-2YUN7,Artery - Tibial,Blood Vessel
GTEX-N7MS-0826-SM-2HML4,Heart - Left Ventricle,Heart
GTEX-N7MS-0926-SM-2HMIZ,Lung,Lung
GTEX-N7MS-1126-SM-3LK5E,Esophagus - Muscularis,Esophagus
GTEX-N7MS-1626-SM-3LK5F,Kidney - Cortex,Kidney
GTEX-N7MS-2326-SM-2HMLD,Thyroid,Thyroid
GTEX-N7MS-2526-SM-2D7W3,Brain - Cerebellum,Brain
GTEX-N7MS-2625-SM-3LK77,Pituitary,Pituitary
GTEX-N7MT-0007-SM-3GACQ,Whole Blood,Blood
GTEX-N7MT-0011-R10A-SM-2I3E1,Brain - Frontal Cortex (BA9),Brain
GTEX-N7MT-0011-R2a-SM-2I3GI,Brain - Substantia nigra,Brain
GTEX-N7MT-0011-R3a-SM-2I3GC,Brain - Anterior cingulate cortex (BA24),Brain
GTEX-N7MT-0011-R4a-SM-2I3G9,Brain - Amygdala,Brain
GTEX-N7MT-0011-R5a-SM-2I3G6,Brain - Caudate (basal ganglia),Brain
GTEX-N7MT-0011-R6a-SM-2I3G3,Brain - Nucleus accumbens (basal ganglia),Brain
GTEX-N7MT-0011-R7a-SM-2I3FZ,Brain - Putamen (basal ganglia),Brain
GTEX-N7MT-0011-R8a-SM-2I5GU,Brain - Hypothalamus,Brain
GTEX-N7MT-0126-SM-2D7VT,Lung,Lung
GTEX-N7MT-0726-SM-3TW8S,Uterus,Uterus
GTEX-N7MT-1026-SM-3TW8T,Pituitary,Pituitary
GTEX-N7MT-1226-SM-2TC6K,Brain - Cerebellum,Brain
GTEX-N7MT-1326-SM-2I3FV,Heart - Left Ventricle,Heart
GTEX-N7MT-1426-SM-3LK5M,Artery - Aorta,Blood Vessel
GTEX-N7MT-1626-SM-3LK71,Pancreas,Pancreas
GTEX-N7MT-1926-SM-3LK5N,Vagina,Vagina
GTEX-NFK9-0006-SM-3GACS,Whole Blood,Blood
GTEX-NFK9-0126-SM-3LK5H,Testis,Testis
GTEX-NFK9-0226-SM-2HMKQ,Skin - Sun Exposed (Lower leg),Skin
GTEX-NFK9-0326-SM-3MJGV,Adipose - Subcutaneous,Adipose Tissue
GTEX-NFK9-0426-SM-2YUNK,Nerve - Tibial,Nerve
GTEX-NFK9-0526-SM-2YUNL,Artery - Tibial,Blood Vessel
GTEX-NFK9-0626-SM-2HMIV,Muscle - Skeletal,Muscle
GTEX-NFK9-0726-SM-2HMJW,Thyroid,Thyroid
GTEX-NFK9-0926-SM-2HMJU,Heart - Left Ventricle,Heart
GTEX-NFK9-1026-SM-2HMK1,Lung,Lung
GTEX-NFK9-1126-SM-3LK78,Esophagus - Mucosa,Esophagus
GTEX-NFK9-1226-SM-3LK79,Esophagus - Muscularis,Esophagus
GTEX-NFK9-1326-SM-3LK5I,Artery - Aorta,Blood Vessel
GTEX-NFK9-1526-SM-3LK7B,Stomach,Stomach
GTEX-NFK9-1626-SM-3LK5J,Pancreas,Pancreas
GTEX-NFK9-1726-SM-3TW8P,Adrenal Gland,Adrenal Gland
GTEX-NFK9-2026-SM-3LK5K,Colon - Transverse,Colon
GTEX-NFK9-2226-SM-3MJGP,Prostate,Prostate
GTEX-NL3H-0006-SM-2I3FW,Whole Blood,Blood
GTEX-NL3H-0011-R10A-SM-2I3E9,Brain - Frontal Cortex (BA9),Brain
GTEX-NL3H-0011-R11A-SM-2I3E6,Brain - Cerebellar Hemisphere,Brain
GTEX-NL3H-0011-R2a-SM-2I3GG,Brain - Substantia nigra,Brain
GTEX-NL3H-0011-R3a-SM-2I3GL,Brain - Anterior cingulate cortex (BA24),Brain
GTEX-NL3H-0011-R4a-SM-2I3GK,Brain - Amygdala,Brain
GTEX-NL3H-0011-R5a-SM-2I3GB,Brain - Caudate (basal ganglia),Brain
GTEX-NL3H-0011-R6a-SM-2I3G8,Brain - Nucleus accumbens (basal ganglia),Brain
GTEX-NL3H-0011-R7a-SM-2I3G5,Brain - Putamen (basal ganglia),Brain
GTEX-NL4W-0006-SM-2I3GH,Whole Blood,Blood
GTEX-NL4W-0011-R10A-SM-2I3DY,Brain - Frontal Cortex (BA9),Brain
GTEX-NL4W-0011-R11A-SM-2I3DW,Brain - Cerebellar Hemisphere,Brain
GTEX-NL4W-0011-R2a-SM-2I5GV,Brain - Substantia nigra,Brain
GTEX-NL4W-0011-R4a-SM-2I5GZ,Brain - Amygdala,Brain
GTEX-NL4W-0011-R5a-SM-2I3GD,Brain - Caudate (basal ganglia),Brain
GTEX-NL4W-0011-R6a-SM-2I3GA,Brain - Nucleus accumbens (basal ganglia),Brain
GTEX-NL4W-0011-R8a-SM-2I3G4,Brain - Hypothalamus,Brain
GTEX-NL4W-0011-R9a-SM-2I3G1,Brain - Spinal cord (cervical c-1),Brain
GTEX-NPJ7-0006-SM-3GACR,Whole Blood,Blood
GTEX-NPJ7-0011-R10A-SM-2I3E5,Brain - Frontal Cortex (BA9),Brain
GTEX-NPJ7-0011-R11A-SM-2I3E8,Brain - Cerebellar Hemisphere,Brain
GTEX-NPJ7-0011-R1a-SM-3GACT,Brain - Hippocampus,Brain
GTEX-NPJ7-0011-R2a-SM-2I3GF,Brain - Substantia nigra,Brain
GTEX-NPJ7-0011-R4a-SM-2I3GJ,Brain - Amygdala,Brain
GTEX-NPJ7-0011-R5a-SM-33HBK,Brain - Caudate (basal ganglia),Brain
GTEX-NPJ7-0011-R6a-SM-2I3G7,Brain - Nucleus accumbens (basal ganglia),Brain
GTEX-NPJ7-0011-R8a-SM-2I3G2,Brain - Hypothalamus,Brain
GTEX-NPJ7-0011-R9a-SM-2TC5R,Brain - Spinal cord (cervical c-1),Brain
GTEX-NPJ7-1326-SM-3MJHO,Artery - Coronary,Blood Vessel
GTEX-NPJ7-1726-SM-2YUNA,Nerve - Tibial,Nerve
GTEX-NPJ7-2726-SM-2I3FT,Brain - Cortex,Brain
GTEX-NPJ7-2826-SM-2I3FU,Brain - Cerebellum,Brain
GTEX-NPJ7-2926-SM-3MJGQ,Pituitary,Pituitary
GTEX-NPJ8-0007-SM-2D7VX,Whole Blood,Blood
GTEX-NPJ8-0011-R10A-SM-2YUMO,Brain - Frontal Cortex (BA9),Brain
GTEX-NPJ8-0011-R11A-SM-2YUMS,Brain - Cerebellar Hemisphere,Brain
GTEX-NPJ8-0011-R1a-SM-33HCB,Brain - Hippocampus,Brain
GTEX-NPJ8-0011-R2a-SM-2TC6M,Brain - Substantia nigra,Brain
GTEX-NPJ8-0011-R3a-SM-2HMIW,Brain - Anterior cingulate cortex (BA24),Brain
GTEX-NPJ8-0011-R4a-SM-2HML3,Brain - Amygdala,Brain
GTEX-NPJ8-0011-R5a-SM-2HMJY,Brain - Caudate (basal ganglia),Brain
GTEX-NPJ8-0011-R6a-SM-2HMKB,Brain - Nucleus accumbens (basal ganglia),Brain
GTEX-NPJ8-0011-R7a-SM-2HMJV,Brain - Putamen (basal ganglia),Brain
GTEX-NPJ8-0011-R8a-SM-2HMLG,Brain - Hypothalamus,Brain
GTEX-NPJ8-0011-R9a-SM-2YUN5,Brain - Spinal cord (cervical c-1),Brain
GTEX-NPJ8-0126-SM-2YUNR,Skin - Sun Exposed (Lower leg),Skin
GTEX-NPJ8-0326-SM-2D7VV,Lung,Lung
GTEX-NPJ8-0426-SM-2HMK6,Heart - Left Ventricle,Heart
GTEX-NPJ8-0526-SM-3MJHN,Artery - Aorta,Blood Vessel
GTEX-NPJ8-1326-SM-3LK6B,Artery - Coronary,Blood Vessel
GTEX-NPJ8-1426-SM-3MJHR,Pituitary,Pituitary
GTEX-NPJ8-1526-SM-2D7VU,Brain - Cortex,Brain
GTEX-NPJ8-1626-SM-2HMIY,Muscle - Skeletal,Muscle
GTEX-NPJ8-1726-SM-2YUNB,Nerve - Tibial,Nerve
GTEX-NPJ8-1826-SM-2YUNC,Artery - Tibial,Blood Vessel
GTEX-NPJ8-1926-SM-3MJGB,Esophagus - Mucosa,Esophagus
GTEX-NPJ8-2026-SM-3TW91,Esophagus - Muscularis,Esophagus
GTEX-NPJ8-2126-SM-3MJGK,Pancreas,Pancreas
GTEX-NPJ8-2226-SM-3TW8D,Kidney - Cortex,Kidney
GTEX-NPJ8-2426-SM-3MJHL,Prostate,Prostate
GTEX-NPJ8-2526-SM-2HML8,Thyroid,Thyroid
GTEX-NPJ8-2626-SM-2D7W2,Brain - Cerebellum,Brain
GTEX-O5YT-0007-SM-32PK7,Whole Blood - postmortem,Blood
GTEX-O5YT-0226-SM-32PK5,Adipose - Subcutaneous,Adipose Tissue
GTEX-O5YT-0326-SM-32PKA,Heart - Left Ventricle,Heart
GTEX-O5YT-0426-SM-3MJHD,Artery - Aorta,Blood Vessel
GTEX-O5YT-0526-SM-32PK8,Lung,Lung
GTEX-O5YT-0726-SM-3MJHA,Esophagus - Muscularis,Esophagus
GTEX-O5YT-0826-SM-3TW8N,Liver,Liver
GTEX-O5YT-1026-SM-3MJGF,Pancreas,Pancreas
GTEX-O5YT-1326-SM-3MJGR,Adrenal Gland,Adrenal Gland
GTEX-O5YT-1426-SM-3MJHC,Colon - Transverse,Colon
GTEX-O5YT-1626-SM-32PK6,Muscle - Skeletal,Muscle
GTEX-O5YT-1726-SM-3NMD7,Nerve - Tibial,Nerve
GTEX-O5YT-1826-SM-32PK9,Artery - Tibial,Blood Vessel
GTEX-O5YT-2126-SM-3MJGD,Testis,Testis
GTEX-O5YV-0006-SM-2I5GX,Whole Blood,Blood
GTEX-O5YV-0326-SM-2I5H2,Heart - Left Ventricle,Heart
GTEX-O5YV-0426-SM-3LK66,Artery - Coronary,Blood Vessel
GTEX-O5YV-0526-SM-2I5GE,Lung,Lung
GTEX-O5YV-0626-SM-3LK64,Artery - Aorta,Blood Vessel
GTEX-O5YV-1026-SM-3LK72,Esophagus - Mucosa,Esophagus
GTEX-O5YV-1126-SM-3LK73,Adrenal Gland,Adrenal Gland
GTEX-O5YV-1626-SM-2YUNJ,Artery - Tibial,Blood Vessel
GTEX-O5YV-1826-SM-2YUNI,Nerve - Tibial,Nerve
GTEX-O5YV-2026-SM-2D7VS,Muscle - Skeletal,Muscle
GTEX-O5YW-0006-SM-3LK6E,Whole Blood - postmortem,Blood
GTEX-O5YW-0126-SM-3LK6D,Skin - Sun Exposed (Lower leg),Skin
GTEX-O5YW-0326-SM-2I5EI,Heart - Left Ventricle,Heart
GTEX-O5YW-0426-SM-3MJHJ,Artery - Aorta,Blood Vessel
GTEX-O5YW-0526-SM-2YUMX,Lung,Lung
GTEX-O5YW-1426-SM-3MJHF,Colon - Transverse,Colon
GTEX-O5YW-1526-SM-3MJGL,Stomach,Stomach
GTEX-O5YW-1826-SM-2YUN2,Artery - Tibial,Blood Vessel
GTEX-O5YW-3026-SM-3MJHI,Artery - Coronary,Blood Vessel
GTEX-OHPK-0006-SM-2HMKH,Whole Blood - postmortem,Blood
GTEX-OHPK-0226-SM-3MJH6,Adipose - Subcutaneous,Adipose Tissue
GTEX-OHPK-0326-SM-2HMJO,Heart - Left Ventricle,Heart
GTEX-OHPK-0426-SM-3MJH3,Artery - Aorta,Blood Vessel
GTEX-OHPK-0526-SM-2HMJB,Lung,Lung
GTEX-OHPK-1326-SM-3MJGN,Adrenal Gland,Adrenal Gland
GTEX-OHPK-1526-SM-3MJGM,Stomach,Stomach
GTEX-OHPK-1626-SM-2YUN3,Muscle - Skeletal,Muscle
GTEX-OHPK-1826-SM-2YUMR,Artery - Tibial,Blood Vessel
GTEX-OHPK-2026-SM-3MJH7,Uterus,Uterus
GTEX-OHPK-2326-SM-3MJH2,Fallopian Tube,Fallopian Tube
GTEX-OHPK-2426-SM-3MJGH,Ovary,Ovary
GTEX-OHPK-2526-SM-3MJH9,Vagina,Vagina
GTEX-OHPK-2626-SM-2HMK9,Thyroid,Thyroid
GTEX-OHPL-0006-SM-3MJHB,Whole Blood - postmortem,Blood
GTEX-OHPL-0126-SM-2HMJ7,Skin - Sun Exposed (Lower leg),Skin
GTEX-OHPL-0326-SM-33HC8,Heart - Left Ventricle,Heart
GTEX-OHPL-0426-SM-3TW8X,Artery - Aorta,Blood Vessel
GTEX-OHPL-0526-SM-3NM8U,Lung,Lung
GTEX-OHPL-1026-SM-3MJGI,Pancreas,Pancreas
GTEX-OHPL-1326-SM-3MJGG,Adrenal Gland,Adrenal Gland
GTEX-OHPL-1626-SM-2HMIR,Muscle - Skeletal,Muscle
GTEX-OHPL-1826-SM-2YUN8,Artery - Tibial,Blood Vessel
GTEX-OHPL-2026-SM-3TW8R,Uterus,Uterus
GTEX-OHPL-2526-SM-3MJGT,Vagina,Vagina
GTEX-OHPL-2626-SM-2HMJA,Thyroid,Thyroid
GTEX-OHPL-3026-SM-3MJGS,Artery - Coronary,Blood Vessel
GTEX-OHPM-0006-SM-2HMKU,Whole Blood - postmortem,Blood
GTEX-OHPM-0126-SM-2YUN9,Skin - Sun Exposed (Lower leg),Skin
GTEX-OHPM-0226-SM-3LK61,Adipose - Subcutaneous,Adipose Tissue
GTEX-OHPM-0326-SM-33HCA,Heart - Left Ventricle,Heart
GTEX-OHPM-0426-SM-3TW8V,Artery - Aorta,Blood Vessel
GTEX-OHPM-0526-SM-2YUMJ,Lung,Lung
GTEX-OHPM-0726-SM-3LK7A,Esophagus - Muscularis,Esophagus
GTEX-OHPM-1026-SM-3LK74,Pancreas,Pancreas
GTEX-OHPM-1426-SM-3TW8Y,Colon - Transverse,Colon
GTEX-OHPM-1626-SM-2HMK4,Muscle - Skeletal,Muscle
GTEX-OHPM-1826-SM-2YUNF,Artery - Tibial,Blood Vessel
GTEX-OHPM-2126-SM-3LK75,Testis,Testis
GTEX-OHPM-2626-SM-33HC5,Thyroid,Thyroid
GTEX-OHPN-0005-SM-2YUML,Whole Blood,Blood
GTEX-OHPN-0011-R10A-SM-33HBU,Brain - Frontal Cortex (BA9),Brain
GTEX-OHPN-0011-R11A-SM-2I5FM,Brain - Cerebellar Hemisphere,Brain
GTEX-OHPN-0011-R1A-SM-2I5GB,Brain - Hippocampus,Brain
GTEX-OHPN-0011-R2A-SM-2I5FB,Brain - Substantia nigra,Brain
GTEX-OHPN-0011-R3A-SM-2I5FC,Brain - Anterior cingulate cortex (BA24),Brain
GTEX-OHPN-0011-R4A-SM-2I5FD,Brain - Amygdala,Brain
GTEX-OHPN-0011-R5A-SM-2I5FF,Brain - Caudate (basal ganglia),Brain
GTEX-OHPN-0011-R6A-SM-2I5FH,Brain - Nucleus accumbens (basal ganglia),Brain
GTEX-OHPN-0011-R7A-SM-2I5FI,Brain - Putamen (basal ganglia),Brain
GTEX-OHPN-0011-R8A-SM-33HBT,Brain - Hypothalamus,Brain
GTEX-OHPN-0011-R9A-SM-2YUMN,Brain - Spinal cord (cervical c-1),Brain
GTEX-OHPN-2526-SM-2I5H3,Brain - Cortex,Brain
GTEX-OHPN-2626-SM-2I5H1,Brain - Cerebellum,Brain
GTEX-OHPN-2726-SM-2I5H4,Muscle - Skeletal,Muscle
GTEX-OHPN-2826-SM-3LK67,Artery - Tibial,Blood Vessel
GTEX-OHPN-2926-SM-3LK65,Nerve - Tibial,Nerve
GTEX-OIZF-0006-SM-2I5GQ,Whole Blood - postmortem,Blood
GTEX-OIZF-0426-SM-3MJGX,Artery - Aorta,Blood Vessel
GTEX-OIZF-0726-SM-3MJH1,Esophagus - Muscularis,Esophagus
GTEX-OIZG-0005-SM-2HMJC,Whole Blood,Blood
GTEX-OIZG-0226-SM-2TC5L,Thyroid,Thyroid
GTEX-OIZG-0426-SM-3LK5W,Artery - Aorta,Blood Vessel
GTEX-OIZG-0526-SM-2HMLF,Lung,Lung
GTEX-OIZG-0726-SM-33HBL,Skin - Sun Exposed (Lower leg),Skin
GTEX-OIZG-0926-SM-3LK5Y,Esophagus - Muscularis,Esophagus
GTEX-OIZG-1026-SM-3LK5X,Esophagus - Mucosa,Esophagus
GTEX-OIZG-1126-SM-2HMIU,Heart - Left Ventricle,Heart
GTEX-OIZG-1326-SM-2HMIQ,Muscle - Skeletal,Muscle
GTEX-OIZH-0005-SM-2HMJN,Whole Blood - postmortem,Blood
GTEX-OIZH-0126-SM-2HMIS,Skin - Sun Exposed (Lower leg),Skin
GTEX-OIZH-0226-SM-2YUMH,Adipose - Subcutaneous,Adipose Tissue
GTEX-OIZH-0326-SM-2HMKC,Heart - Left Ventricle,Heart
GTEX-OIZH-0526-SM-2HMKV,Lung,Lung
GTEX-OIZH-0626-SM-3NB1L,Esophagus - Mucosa,Esophagus
GTEX-OIZH-0726-SM-3NB1I,Esophagus - Muscularis,Esophagus
GTEX-OIZH-1326-SM-3NB1H,Adrenal Gland,Adrenal Gland
GTEX-OIZH-1426-SM-3NB1O,Colon - Transverse,Colon
GTEX-OIZH-1526-SM-3NB1J,Stomach,Stomach
GTEX-OIZH-1626-SM-2HMKI,Muscle - Skeletal,Muscle
GTEX-OIZH-1826-SM-2YUNP,Artery - Tibial,Blood Vessel
GTEX-OIZH-2026-SM-3NB1M,Prostate,Prostate
GTEX-OIZH-2126-SM-3NB1P,Testis,Testis
GTEX-OIZH-2626-SM-2HMJM,Thyroid,Thyroid
GTEX-OIZH-3026-SM-3NB1G,Artery - Coronary,Blood Vessel
GTEX-OIZI-0005-SM-2XCED,Whole Blood,Blood
GTEX-OIZI-0008-SM-2XCFD,Cells - Transformed fibroblasts,Skin
GTEX-OIZI-0126-SM-3NB13,Testis,Testis
GTEX-OIZI-0226-SM-2XCEE,Adipose - Subcutaneous,Adipose Tissue
GTEX-OIZI-0426-SM-2XCEF,Nerve - Tibial,Nerve
GTEX-OIZI-0526-SM-2XCEG,Artery - Tibial,Blood Vessel
GTEX-OIZI-0626-SM-2XCEH,Muscle - Skeletal,Muscle
GTEX-OIZI-0726-SM-2XCEI,Thyroid,Thyroid
GTEX-OIZI-1026-SM-3NB1K,Lung,Lung
GTEX-OIZI-1126-SM-3NB1F,Artery - Aorta,Blood Vessel
GTEX-OIZI-1326-SM-3NB1B,Esophagus - Muscularis,Esophagus
GTEX-OIZI-1426-SM-3NB1T,Esophagus - Mucosa,Esophagus
GTEX-OOBJ-0006-SM-2I3F4,Whole Blood - postmortem,Blood
GTEX-OOBJ-0008-SM-3NB26,Cells - Transformed fibroblasts,Skin
GTEX-OOBJ-0226-SM-2YUMM,Adipose - Subcutaneous,Adipose Tissue
GTEX-OOBJ-0326-SM-33HBO,Heart - Left Ventricle,Heart
GTEX-OOBJ-0426-SM-3NB1S,Artery - Aorta,Blood Vessel
GTEX-OOBJ-0826-SM-3NB2K,Liver,Liver
GTEX-OOBJ-1026-SM-3NB2L,Pancreas,Pancreas
GTEX-OOBJ-1526-SM-3NB1Q,Stomach,Stomach
GTEX-OOBJ-1626-SM-2I3F7,Muscle - Skeletal,Muscle
GTEX-OOBJ-1826-SM-3NB1C,Artery - Tibial,Blood Vessel
GTEX-OOBJ-2026-SM-3NB1R,Prostate,Prostate
GTEX-OOBJ-2126-SM-3NB1N,Testis,Testis
GTEX-OOBJ-2626-SM-2I3F6,Thyroid,Thyroid
GTEX-OOBJ-3026-SM-3NB1D,Artery - Coronary,Blood Vessel
GTEX-OOBK-0005-SM-2YUMG,Whole Blood - postmortem,Blood
GTEX-OOBK-0008-SM-3NB27,Cells - Transformed fibroblasts,Skin
GTEX-OOBK-0126-SM-2YUND,Skin - Sun Exposed (Lower leg),Skin
GTEX-OOBK-0226-SM-2YUMF,Adipose - Subcutaneous,Adipose Tissue
GTEX-OOBK-0425-SM-3LK5O,Artery - Aorta,Blood Vessel
GTEX-OOBK-0526-SM-2HMJJ,Lung,Lung
GTEX-OOBK-0625-SM-3LK5P,Esophagus - Mucosa,Esophagus
GTEX-OOBK-0726-SM-3LK5Q,Esophagus - Muscularis,Esophagus
GTEX-OOBK-1626-SM-2HMKG,Muscle - Skeletal,Muscle
GTEX-OOBK-2025-SM-3LK5S,Prostate,Prostate
GTEX-OOBK-2126-SM-3LK5T,Testis,Testis
GTEX-OOBK-2626-SM-2HMKY,Thyroid,Thyroid
GTEX-OOBK-3125-SM-3LK5R,Adrenal Gland,Adrenal Gland
GTEX-OXRK-0006-SM-2HML1,Whole Blood,Blood
GTEX-OXRK-0008-SM-3NB28,Cells - Transformed fibroblasts,Skin
GTEX-OXRK-0126-SM-3NB1E,Adrenal Gland,Adrenal Gland
GTEX-OXRK-0226-SM-3NB2G,Skin - Sun Exposed (Lower leg),Skin
GTEX-OXRK-0326-SM-3NB3R,Adipose - Subcutaneous,Adipose Tissue
GTEX-OXRK-0426-SM-3NB2E,Nerve - Tibial,Nerve
GTEX-OXRK-0526-SM-3NB2F,Artery - Tibial,Blood Vessel
GTEX-OXRK-0626-SM-2HMJ5,Thyroid,Thyroid
GTEX-OXRK-0826-SM-2HMK7,Heart - Left Ventricle,Heart
GTEX-OXRK-0926-SM-2HMKP,Lung,Lung
GTEX-OXRK-1326-SM-3NB1A,Esophagus - Mucosa,Esophagus
GTEX-OXRK-1426-SM-3NB19,Esophagus - Muscularis,Esophagus
GTEX-OXRK-1626-SM-3NB17,Stomach,Stomach
GTEX-OXRK-1726-SM-3NB16,Colon - Transverse,Colon
GTEX-OXRK-1826-SM-2HMJE,Muscle - Skeletal,Muscle
GTEX-OXRL-0005-SM-3LK6A,Whole Blood - postmortem,Blood
GTEX-OXRL-0008-SM-3NB29,Cells - Transformed fibroblasts,Skin
GTEX-OXRL-0126-SM-2YUMP,Skin - Sun Exposed (Lower leg),Skin
GTEX-OXRL-0226-SM-3NB18,Adipose - Subcutaneous,Adipose Tissue
GTEX-OXRL-0326-SM-2I3F2,Heart - Left Ventricle,Heart
GTEX-OXRL-0426-SM-3NM97,Artery - Aorta,Blood Vessel
GTEX-OXRL-0526-SM-2I3EZ,Lung,Lung
GTEX-OXRL-0626-SM-3NM9C,Esophagus - Mucosa,Esophagus
GTEX-OXRL-0726-SM-3NM9A,Esophagus - Muscularis,Esophagus
GTEX-OXRL-1426-SM-3NM9E,Colon - Transverse,Colon
GTEX-OXRL-1626-SM-2YUMU,Muscle - Skeletal,Muscle
GTEX-OXRL-1826-SM-2YUMV,Artery - Tibial,Blood Vessel
GTEX-OXRL-2126-SM-3NM98,Testis,Testis
GTEX-OXRL-2626-SM-2I3F1,Thyroid,Thyroid
GTEX-OXRN-0005-SM-2I5EU,Whole Blood,Blood
GTEX-OXRN-0011-R10A-SM-2I5GC,Brain - Frontal Cortex (BA9),Brain
GTEX-OXRN-0011-R5A-SM-2I5EF,Brain - Caudate (basal ganglia),Brain
GTEX-OXRN-0226-SM-2I5EJ,Adipose - Subcutaneous,Adipose Tissue
GTEX-OXRN-0526-SM-2I5EN,Lung,Lung
GTEX-OXRN-1226-SM-2I5EL,Artery - Tibial,Blood Vessel
GTEX-OXRN-1326-SM-3LK5V,Muscle - Skeletal,Muscle
GTEX-OXRN-1426-SM-3LK5U,Nerve - Tibial,Nerve
GTEX-OXRN-1726-SM-3NM9B,Esophagus - Mucosa,Esophagus
GTEX-OXRN-2426-SM-2I5EQ,Brain - Cortex,Brain
GTEX-OXRO-0006-SM-2I5EM,Whole Blood,Blood
GTEX-OXRO-0011-R10A-SM-2I5EH,Brain - Frontal Cortex (BA9),Brain
GTEX-OXRO-0011-R2A-SM-3NB1W,Brain - Substantia nigra,Brain
GTEX-OXRO-0011-R5A-SM-2I5EG,Brain - Caudate (basal ganglia),Brain
GTEX-OXRO-0011-R9A-SM-3NB1X,Brain - Spinal cord (cervical c-1),Brain
GTEX-OXRO-0126-SM-2YUN4,Skin - Sun Exposed (Lower leg),Skin
GTEX-OXRO-0226-SM-3LK6F,Adipose - Subcutaneous,Adipose Tissue
GTEX-OXRO-0326-SM-33HBM,Lung,Lung
GTEX-OXRO-1726-SM-3LK6C,Muscle - Skeletal,Muscle
GTEX-OXRO-1926-SM-2S1O3,Artery - Tibial,Blood Vessel
GTEX-OXRO-2026-SM-2YUMZ,Heart - Left Ventricle,Heart
GTEX-OXRP-0006-SM-2I3FN,Whole Blood,Blood
GTEX-OXRP-0126-SM-3NB32,Skin - Sun Exposed (Lower leg),Skin
GTEX-OXRP-0226-SM-3NB14,Adipose - Subcutaneous,Adipose Tissue
GTEX-OXRP-0326-SM-33HBJ,Thyroid,Thyroid
GTEX-OXRP-0526-SM-2I3EW,Lung,Lung
GTEX-OXRP-2326-SM-2S1NL,Muscle - Skeletal,Muscle
GTEX-OXRP-2426-SM-2S1NR,Artery - Tibial,Blood Vessel
GTEX-OXRP-2526-SM-2S1NO,Nerve - Tibial,Nerve
GTEX-P44H-0006-SM-2XCFB,Whole Blood,Blood
GTEX-P44H-0011-R10A-SM-2XCEK,Brain - Frontal Cortex (BA9),Brain
GTEX-P44H-0011-R11A-SM-2XCER,Brain - Cerebellar Hemisphere,Brain
GTEX-P44H-0011-R1A-SM-3NM8J,Brain - Hippocampus,Brain
GTEX-P44H-0011-R4A-SM-2XCEW,Brain - Amygdala,Brain
GTEX-P44H-0011-R5A-SM-2XCEX,Brain - Caudate (basal ganglia),Brain
GTEX-P44H-0011-R6A-SM-2XCF3,Brain - Nucleus accumbens (basal ganglia),Brain
GTEX-P44H-0011-R8A-SM-2XCEL,Brain - Hypothalamus,Brain
GTEX-P44H-0226-SM-2XCEU,Skin - Sun Exposed (Lower leg),Skin
GTEX-P44H-0326-SM-2XCES,Adipose - Subcutaneous,Adipose Tissue
GTEX-P44H-0426-SM-2XCEZ,Muscle - Skeletal,Muscle
GTEX-P44H-0526-SM-2XCF1,Nerve - Tibial,Nerve
GTEX-P44H-0626-SM-2XCF2,Artery - Tibial,Blood Vessel
GTEX-P44H-1026-SM-3NM96,Artery - Aorta,Blood Vessel
GTEX-P44H-2426-SM-2XCEJ,Brain - Cerebellum,Brain
GTEX-P4PP-0005-SM-2HMKX,Whole Blood - postmortem,Blood
GTEX-P4PP-0126-SM-3LK69,Skin - Sun Exposed (Lower leg),Skin
GTEX-P4PP-0326-SM-33HC4,Heart - Left Ventricle,Heart
GTEX-P4PP-0426-SM-3NM9H,Artery - Aorta,Blood Vessel
GTEX-P4PP-0526-SM-2HMKE,Lung,Lung
GTEX-P4PP-0626-SM-3NM9X,Esophagus - Mucosa,Esophagus
GTEX-P4PP-0726-SM-3NM9S,Esophagus - Muscularis,Esophagus
GTEX-P4PP-1026-SM-3NM9O,Pancreas,Pancreas
GTEX-P4PP-1426-SM-3NM9L,Colon - Transverse,Colon
GTEX-P4PP-1526-SM-3P61M,Stomach,Stomach
GTEX-P4PP-1626-SM-2HMJF,Muscle - Skeletal,Muscle
GTEX-P4PP-1726-SM-2S1NS,Nerve - Tibial,Nerve
GTEX-P4PP-1826-SM-2S1NT,Artery - Tibial,Blood Vessel
GTEX-P4PP-2026-SM-3P61N,Uterus,Uterus
GTEX-P4PP-2426-SM-3P61L,Ovary,Ovary
GTEX-P4PP-2526-SM-3P61P,Vagina,Vagina
GTEX-P4PP-3026-SM-3P61O,Artery - Coronary,Blood Vessel
GTEX-P4PQ-0005-SM-2HMKJ,Whole Blood - postmortem,Blood
GTEX-P4PQ-0126-SM-2S1NM,Skin - Sun Exposed (Lower leg),Skin
GTEX-P4PQ-0226-SM-2S1NK,Adipose - Subcutaneous,Adipose Tissue
GTEX-P4PQ-0326-SM-2HMJ8,Heart - Left Ventricle,Heart
GTEX-P4PQ-0426-SM-3NMCI,Artery - Aorta,Blood Vessel
GTEX-P4PQ-0526-SM-2HMKR,Lung,Lung
GTEX-P4PQ-0626-SM-3NMCU,Esophagus - Mucosa,Esophagus
GTEX-P4PQ-0726-SM-3NMCR,Esophagus - Muscularis,Esophagus
GTEX-P4PQ-1026-SM-3NMCN,Pancreas,Pancreas
GTEX-P4PQ-1526-SM-3NMCK,Stomach,Stomach
GTEX-P4PQ-1626-SM-2HMKK,Muscle - Skeletal,Muscle
GTEX-P4PQ-1726-SM-3NB15,Nerve - Tibial,Nerve
GTEX-P4PQ-2126-SM-3NMCV,Testis,Testis
GTEX-P4PQ-2626-SM-33HC9,Thyroid,Thyroid
GTEX-P4QR-0006-SM-2I5GN,Whole Blood,Blood
GTEX-P4QR-0226-SM-3NMCH,Testis,Testis
GTEX-P4QR-0426-SM-2S1NV,Adipose - Subcutaneous,Adipose Tissue
GTEX-P4QR-0726-SM-2I5GO,Muscle - Skeletal,Muscle
GTEX-P4QR-1026-SM-2I5GP,Lung,Lung
GTEX-P4QS-0005-SM-2I3EY,Whole Blood - postmortem,Blood
GTEX-P4QS-0226-SM-3NB1U,Adipose - Subcutaneous,Adipose Tissue
GTEX-P4QS-0326-SM-2I3EU,Heart - Left Ventricle,Heart
GTEX-P4QS-0426-SM-3NMCQ,Artery - Aorta,Blood Vessel
GTEX-P4QS-0526-SM-2I3ET,Lung,Lung
GTEX-P4QS-0626-SM-3NMD1,Esophagus - Mucosa,Esophagus
GTEX-P4QS-0726-SM-3NMCZ,Esophagus - Muscularis,Esophagus
GTEX-P4QS-1026-SM-3NMCW,Pancreas,Pancreas
GTEX-P4QS-1126-SM-3NMD5,Kidney - Cortex,Kidney
GTEX-P4QS-1326-SM-3NMCD,Adrenal Gland,Adrenal Gland
GTEX-P4QS-1626-SM-2S1NH,Muscle - Skeletal,Muscle
GTEX-P4QS-1726-SM-3NB1V,Nerve - Tibial,Nerve
GTEX-P4QS-1826-SM-2S1NI,Artery - Tibial,Blood Vessel
GTEX-P4QS-2026-SM-3NMCG,Prostate,Prostate
GTEX-P4QS-2126-SM-3NMCF,Testis,Testis
GTEX-P4QS-2626-SM-2I3EV,Thyroid,Thyroid
GTEX-P4QT-0126-SM-2I3FL,Skin - Sun Exposed (Lower leg),Skin
GTEX-P4QT-0226-SM-3LK68,Adipose - Subcutaneous,Adipose Tissue
GTEX-P4QT-0526-SM-2I3EX,Lung,Lung
GTEX-P4QT-0626-SM-3NMCP,Esophagus - Mucosa,Esophagus
GTEX-P4QT-0726-SM-3NMCM,Esophagus - Muscularis,Esophagus
GTEX-P4QT-1326-SM-3NMD3,Adrenal Gland,Adrenal Gland
GTEX-P4QT-1426-SM-3NMCX,Colon - Transverse,Colon
GTEX-P4QT-1526-SM-3NMCT,Stomach,Stomach
GTEX-P4QT-1626-SM-2S1NP,Muscle - Skeletal,Muscle
GTEX-P4QT-1726-SM-2S1NQ,Nerve - Tibial,Nerve
GTEX-P4QT-1826-SM-2S1NJ,Artery - Tibial,Blood Vessel
GTEX-P4QT-2026-SM-3NMCJ,Uterus,Uterus
GTEX-P4QT-2426-SM-3NMCL,Ovary,Ovary
GTEX-P4QT-2626-SM-2I3FM,Thyroid,Thyroid
GTEX-P78B-0005-SM-2I5GM,Whole Blood,Blood
GTEX-P78B-0226-SM-3NB1Z,Adipose - Subcutaneous,Adipose Tissue
GTEX-P78B-0426-SM-2I5F5,Heart - Left Ventricle,Heart
GTEX-P78B-0526-SM-2I5F7,Thyroid,Thyroid
GTEX-P78B-0726-SM-2S1O2,Artery - Tibial,Blood Vessel
GTEX-P78B-0826-SM-3NMCA,Artery - Aorta,Blood Vessel
GTEX-P78B-0926-SM-2I5FA,Lung,Lung
GTEX-P78B-1026-SM-3NMC4,Esophagus - Mucosa,Esophagus
GTEX-P78B-1126-SM-3P615,Esophagus - Muscularis,Esophagus
GTEX-P78B-1326-SM-3P611,Liver,Liver
GTEX-P78B-1626-SM-2S1O1,Muscle - Skeletal,Muscle
GTEX-P78B-1726-SM-3P5ZV,Colon - Transverse,Colon
GTEX-P78B-1826-SM-3P5YX,Stomach,Stomach
GTEX-P78B-1926-SM-3P616,Ovary,Ovary
GTEX-P78B-2226-SM-3P5ZZ,Vagina,Vagina
GTEX-P78B-2526-SM-3P5ZY,Uterus,Uterus
GTEX-PLZ4-0006-SM-2S1NY,Whole Blood,Blood
GTEX-PLZ4-0226-SM-2S1NW,Adipose - Subcutaneous,Adipose Tissue
GTEX-PLZ4-0726-SM-2TC6Q,Lung,Lung
GTEX-PLZ4-0926-SM-2S1OI,Muscle - Skeletal,Muscle
GTEX-PLZ4-1226-SM-2I5FE,Thyroid,Thyroid
GTEX-PLZ4-1326-SM-2S1O7,Artery - Tibial,Blood Vessel
GTEX-PLZ4-1626-SM-3P618,Esophagus - Mucosa,Esophagus
GTEX-PLZ4-2726-SM-3P61A,Vagina,Vagina
GTEX-PLZ4-2826-SM-3P617,Ovary,Ovary
GTEX-PLZ5-0006-SM-2S1NZ,Whole Blood - postmortem,Blood
GTEX-PLZ5-0326-SM-3P614,Adrenal Gland,Adrenal Gland
GTEX-PLZ5-0426-SM-3P612,Artery - Aorta,Blood Vessel
GTEX-PLZ5-0626-SM-2I5F8,Heart - Left Ventricle,Heart
GTEX-PLZ5-0726-SM-2I5F9,Lung,Lung
GTEX-PLZ5-0826-SM-3P5ZW,Esophagus - Muscularis,Esophagus
GTEX-PLZ5-0926-SM-3TW8L,Esophagus - Mucosa,Esophagus
GTEX-PLZ5-1126-SM-3P613,Colon - Transverse,Colon
GTEX-PLZ5-1526-SM-3P5ZX,Testis,Testis
GTEX-PLZ5-1626-SM-3NB21,Nerve - Tibial,Nerve
GTEX-PLZ5-1726-SM-2I5F6,Muscle - Skeletal,Muscle
GTEX-PLZ5-1826-SM-3NB22,Adipose - Subcutaneous,Adipose Tissue
GTEX-PLZ5-2026-SM-2S1O4,Skin - Sun Exposed (Lower leg),Skin
GTEX-PLZ6-0006-SM-33HBZ,Whole Blood - postmortem,Blood
GTEX-PLZ6-0226-SM-3P61I,Adrenal Gland,Adrenal Gland
GTEX-PLZ6-0326-SM-3P61J,Artery - Aorta,Blood Vessel
GTEX-PLZ6-0426-SM-2I5FG,Lung,Lung
GTEX-PLZ6-0526-SM-3P61C,Esophagus - Mucosa,Esophagus
GTEX-PLZ6-0626-SM-3P61B,Esophagus - Muscularis,Esophagus
GTEX-PLZ6-0726-SM-3P619,Pancreas,Pancreas
GTEX-PLZ6-0826-SM-3P61K,Stomach,Stomach
GTEX-PLZ6-0926-SM-3P5ZQ,Colon - Transverse,Colon
GTEX-PLZ6-1126-SM-3P5ZR,Prostate,Prostate
GTEX-PLZ6-1226-SM-3P5ZS,Testis,Testis
GTEX-PLZ6-1326-SM-3NB24,Adipose - Subcutaneous,Adipose Tissue
GTEX-PLZ6-1426-SM-2S1OQ,Skin - Sun Exposed (Lower leg),Skin
GTEX-PLZ6-1526-SM-2S1OC,Muscle - Skeletal,Muscle
GTEX-PLZ6-1626-SM-3NB23,Artery - Tibial,Blood Vessel
GTEX-PLZ6-1726-SM-2S1O6,Nerve - Tibial,Nerve
GTEX-POMQ-0006-SM-33HBY,Whole Blood - postmortem,Blood
GTEX-POMQ-0326-SM-2I5FO,Heart - Left Ventricle,Heart
GTEX-POMQ-0426-SM-3P61G,Artery - Aorta,Blood Vessel
GTEX-POMQ-0526-SM-3GADD,Lung,Lung
GTEX-POMQ-0626-SM-3P61E,Esophagus - Muscularis,Esophagus
GTEX-POMQ-0826-SM-3P61H,Stomach,Stomach
GTEX-POMQ-1226-SM-3P61F,Uterus,Uterus
GTEX-POMQ-1426-SM-3P61D,Ovary,Ovary
GTEX-POMQ-1926-SM-3NB1Y,Muscle - Skeletal,Muscle
GTEX-POMQ-2026-SM-2S1OD,Nerve - Tibial,Nerve
GTEX-POMQ-2126-SM-2S1OJ,Artery - Tibial,Blood Vessel
GTEX-POMQ-2226-SM-2I5FK,Skin - Sun Exposed (Lower leg),Skin
GTEX-POMQ-2326-SM-2S1O8,Adipose - Subcutaneous,Adipose Tissue
GTEX-POYW-0006-SM-2XCF4,Whole Blood,Blood
GTEX-POYW-0426-SM-2XCEV,Nerve - Tibial,Nerve
GTEX-POYW-0526-SM-2XCEY,Muscle - Skeletal,Muscle
GTEX-POYW-0726-SM-2XCEO,Adipose - Subcutaneous,Adipose Tissue
GTEX-POYW-0826-SM-2XCEM,Thyroid,Thyroid
GTEX-POYW-1226-SM-2XCEP,Lung,Lung
GTEX-PSDG-0005-SM-3GADC,Whole Blood,Blood
GTEX-PSDG-0226-SM-33HC1,Skin - Sun Exposed (Lower leg),Skin
GTEX-PSDG-0426-SM-2S1OF,Muscle - Skeletal,Muscle
GTEX-PSDG-0526-SM-2S1OH,Artery - Tibial,Blood Vessel
GTEX-PSDG-0626-SM-2S1OE,Nerve - Tibial,Nerve
GTEX-PSDG-0726-SM-2I5FN,Thyroid,Thyroid
GTEX-PSDG-0926-SM-2I5FP,Heart - Left Ventricle,Heart
GTEX-PSDG-1126-SM-2S1ON,Lung,Lung
GTEX-PVOW-0006-SM-3NMB8,Whole Blood,Blood
GTEX-PVOW-0011-R1A-SM-32PL6,Brain - Hippocampus,Brain
GTEX-PVOW-0011-R3A-SM-32PKX,Brain - Anterior cingulate cortex (BA24),Brain
GTEX-PVOW-0011-R5A-SM-32PL7,Brain - Caudate (basal ganglia),Brain
GTEX-PVOW-0126-SM-2XCFA,Skin - Sun Exposed (Lower leg),Skin
GTEX-PVOW-0426-SM-2XCF8,Heart - Left Ventricle,Heart
GTEX-PVOW-0626-SM-2XCF6,Nerve - Tibial,Nerve
GTEX-PVOW-0726-SM-2XCF5,Artery - Tibial,Blood Vessel
GTEX-PVOW-1026-SM-2XCF9,Lung,Lung
GTEX-PVOW-2526-SM-2XCF7,Brain - Cortex,Brain
GTEX-PVOW-2626-SM-32PL8,Brain - Cerebellum,Brain
GTEX-PW2O-0006-SM-2I3DV,Whole Blood - postmortem,Blood
GTEX-PW2O-0526-SM-2I3DX,Lung,Lung
GTEX-PW2O-1726-SM-2S1OO,Muscle - Skeletal,Muscle
GTEX-PW2O-1926-SM-2S1OB,Artery - Tibial,Blood Vessel
GTEX-PWCY-0005-SM-33HBP,Whole Blood - postmortem,Blood
GTEX-PWCY-0526-SM-2I3ER,Heart - Left Ventricle,Heart
GTEX-PWCY-1926-SM-3NB25,Adipose - Subcutaneous,Adipose Tissue
GTEX-PWCY-2226-SM-2S1OP,Artery - Tibial,Blood Vessel
GTEX-PWCY-2326-SM-2I3EQ,Thyroid,Thyroid
GTEX-PWN1-0126-SM-2I3FK,Skin - Sun Exposed (Lower leg),Skin
GTEX-PWN1-0226-SM-2S1OZ,Adipose - Subcutaneous,Adipose Tissue
GTEX-PWN1-1626-SM-2S1OL,Muscle - Skeletal,Muscle
GTEX-PWN1-1726-SM-2S1O9,Nerve - Tibial,Nerve
GTEX-PWN1-1826-SM-2S1PE,Artery - Tibial,Blood Vessel
GTEX-PWN1-2626-SM-2I3FH,Thyroid,Thyroid
GTEX-PWO3-0005-SM-2I5FS,Whole Blood,Blood
GTEX-PWO3-0011-R1A-SM-2I5EW,Brain - Hippocampus,Brain
GTEX-PWO3-0011-R2A-SM-2S1OX,Brain - Substantia nigra,Brain
GTEX-PWO3-0011-R3A-SM-2I5EX,Brain - Anterior cingulate cortex (BA24),Brain
GTEX-PWO3-0011-R5A-SM-2I5EZ,Brain - Caudate (basal ganglia),Brain
GTEX-PWO3-0011-R6A-SM-2I5F3,Brain - Nucleus accumbens (basal ganglia),Brain
GTEX-PWO3-0011-R8A-SM-2I5GD,Brain - Hypothalamus,Brain
GTEX-PWO3-0926-SM-2I5EY,Brain - Cortex,Brain
GTEX-PWO3-1026-SM-2I5F2,Brain - Cerebellum,Brain
GTEX-PWOO-0006-SM-2I3E3,Whole Blood - postmortem,Blood
GTEX-PWOO-0526-SM-2S1Q3,Heart - Left Ventricle,Heart
GTEX-PWOO-0726-SM-2I3EB,Lung,Lung
GTEX-PWOO-0926-SM-2I3EC,Thyroid,Thyroid
GTEX-PWOO-2226-SM-2S1P1,Adipose - Subcutaneous,Adipose Tissue
GTEX-PWOO-2326-SM-2S1PQ,Muscle - Skeletal,Muscle
GTEX-PWOO-2426-SM-2S1OV,Artery - Tibial,Blood Vessel
GTEX-PWOO-2526-SM-2S1PG,Nerve - Tibial,Nerve
GTEX-PX3G-0006-SM-33HBQ,Whole Blood - postmortem,Blood
GTEX-PX3G-0126-SM-2I3EN,Skin - Sun Exposed (Lower leg),Skin
GTEX-PX3G-0226-SM-3NB2C,Adipose - Subcutaneous,Adipose Tissue
GTEX-PX3G-0326-SM-2I3EO,Heart - Left Ventricle,Heart
GTEX-PX3G-0526-SM-2I3EM,Lung,Lung
GTEX-PX3G-1626-SM-2S1PT,Muscle - Skeletal,Muscle
GTEX-PX3G-1826-SM-2S1PK,Artery - Tibial,Blood Vessel
GTEX-PX3G-2626-SM-2I3EG,Thyroid,Thyroid
GTEX-Q2AG-0005-SM-33HBX,Whole Blood,Blood
GTEX-Q2AG-0011-R10A-SM-2HMLA,Brain - Frontal Cortex (BA9),Brain
GTEX-Q2AG-0011-R11A-SM-2HMKZ,Brain - Cerebellar Hemisphere,Brain
GTEX-Q2AG-0011-R1A-SM-2HMJI,Brain - Hippocampus,Brain
GTEX-Q2AG-0011-R2A-SM-2HMIT,Brain - Substantia nigra,Brain
GTEX-Q2AG-0011-R3A-SM-2HMJ9,Brain - Anterior cingulate cortex (BA24),Brain
GTEX-Q2AG-0011-R4A-SM-2HMKA,Brain - Amygdala,Brain
GTEX-Q2AG-0011-R5A-SM-2HMJH,Brain - Caudate (basal ganglia),Brain
GTEX-Q2AG-0011-R6A-SM-2HML7,Brain - Nucleus accumbens (basal ganglia),Brain
GTEX-Q2AG-0011-R7A-SM-2HMJP,Brain - Putamen (basal ganglia),Brain
GTEX-Q2AG-0011-R8A-SM-2HMK5,Brain - Hypothalamus,Brain
GTEX-Q2AG-0011-R9A-SM-2HMJ6,Brain - Spinal cord (cervical c-1),Brain
GTEX-Q2AG-0126-SM-33HBV,Skin - Sun Exposed (Lower leg),Skin
GTEX-Q2AG-0226-SM-2S1P4,Adipose - Subcutaneous,Adipose Tissue
GTEX-Q2AG-0426-SM-2S1PU,Muscle - Skeletal,Muscle
GTEX-Q2AG-0526-SM-2S1PW,Artery - Tibial,Blood Vessel
GTEX-Q2AG-0626-SM-2S1PV,Nerve - Tibial,Nerve
GTEX-Q2AG-0826-SM-2HMKF,Thyroid,Thyroid
GTEX-Q2AG-1026-SM-33HBW,Lung,Lung
GTEX-Q2AG-2826-SM-2HMJQ,Brain - Cerebellum,Brain
GTEX-Q2AG-2926-SM-2HMJ3,Brain - Cortex,Brain
GTEX-Q2AH-0005-SM-33HBR,Whole Blood - postmortem,Blood
GTEX-Q2AH-0426-SM-2I3EP,Lung,Lung
GTEX-Q2AH-0526-SM-2I3ED,Heart - Left Ventricle,Heart
GTEX-Q2AH-0726-SM-2I3EA,Thyroid,Thyroid
GTEX-Q2AH-1626-SM-3GAF8,Skin - Sun Exposed (Lower leg),Skin
GTEX-Q2AH-1726-SM-3NB2B,Adipose - Subcutaneous,Adipose Tissue
GTEX-Q2AH-1826-SM-2S1Q2,Muscle - Skeletal,Muscle
GTEX-Q2AH-1926-SM-2S1PN,Nerve - Tibial,Nerve
GTEX-Q2AH-2026-SM-2S1PX,Artery - Tibial,Blood Vessel
GTEX-Q2AI-0006-SM-2I3FG,Whole Blood - postmortem,Blood
GTEX-Q2AI-0326-SM-2I3EK,Thyroid,Thyroid
GTEX-Q2AI-0526-SM-2I3EJ,Lung,Lung
GTEX-Q2AI-1326-SM-2S1PL,Skin - Sun Exposed (Lower leg),Skin
GTEX-Q2AI-1426-SM-2S1P5,Adipose - Subcutaneous,Adipose Tissue
GTEX-Q2AI-1526-SM-3GIJ3,Muscle - Skeletal,Muscle
GTEX-Q2AI-1726-SM-2S1PZ,Artery - Tibial,Blood Vessel
GTEX-Q734-0006-SM-2I3FJ,Whole Blood - postmortem,Blood
GTEX-Q734-0526-SM-2I3EH,Thyroid,Thyroid
GTEX-Q734-0626-SM-2I3EF,Lung,Lung
GTEX-Q734-1826-SM-2I3EL,Adipose - Subcutaneous,Adipose Tissue
GTEX-Q734-1926-SM-2I5EV,Skin - Sun Exposed (Lower leg),Skin
GTEX-Q734-2026-SM-3GADA,Muscle - Skeletal,Muscle
GTEX-Q734-2226-SM-3GAD9,Artery - Tibial,Blood Vessel
GTEX-QCQG-0006-SM-2S1OW,Whole Blood - postmortem,Blood
GTEX-QCQG-0326-SM-2I3ES,Lung,Lung
GTEX-QCQG-1726-SM-3GIJ9,Skin - Sun Exposed (Lower leg),Skin
GTEX-QCQG-1826-SM-2S1P2,Adipose - Subcutaneous,Adipose Tissue
GTEX-QCQG-1926-SM-2S1PI,Artery - Tibial,Blood Vessel
GTEX-QCQG-2026-SM-2S1PH,Nerve - Tibial,Nerve
GTEX-QCQG-2126-SM-2S1P8,Muscle - Skeletal,Muscle
GTEX-QDT8-0006-SM-32PL3,Whole Blood,Blood
GTEX-QDT8-0011-R10A-SM-32PKG,Brain - Frontal Cortex (BA9),Brain
GTEX-QDT8-0011-R11A-SM-32PKD,Brain - Cerebellar Hemisphere,Brain
GTEX-QDT8-0011-R1A-SM-32PKS,Brain - Hippocampus,Brain
GTEX-QDT8-0011-R2A-SM-32PKQ,Brain - Substantia nigra,Brain
GTEX-QDT8-0011-R3A-SM-32PKR,Brain - Anterior cingulate cortex (BA24),Brain
GTEX-QDT8-0011-R4A-SM-32PKM,Brain - Amygdala,Brain
GTEX-QDT8-0011-R5A-SM-32PKN,Brain - Caudate (basal ganglia),Brain
GTEX-QDT8-0011-R6A-SM-32PKI,Brain - Nucleus accumbens (basal ganglia),Brain
GTEX-QDT8-0011-R7A-SM-32PKF,Brain - Putamen (basal ganglia),Brain
GTEX-QDT8-0011-R8A-SM-32PKE,Brain - Hypothalamus,Brain
GTEX-QDT8-0226-SM-32PL4,Adipose - Subcutaneous,Adipose Tissue
GTEX-QDT8-0326-SM-32PL1,Nerve - Tibial,Nerve
GTEX-QDT8-0426-SM-32PKZ,Artery - Tibial,Blood Vessel
GTEX-QDT8-0526-SM-3NMD8,Muscle - Skeletal,Muscle
GTEX-QDT8-0926-SM-32PL2,Lung,Lung
GTEX-QDT8-2926-SM-32PKC,Brain - Cortex,Brain
GTEX-QDT8-3026-SM-32PKB,Brain - Cerebellum,Brain
GTEX-QDVJ-0005-SM-2TC5X,Whole Blood,Blood
GTEX-QDVJ-0226-SM-2I5FV,Thyroid,Thyroid
GTEX-QDVJ-0426-SM-2I5FW,Heart - Left Ventricle,Heart
GTEX-QDVJ-0926-SM-2I5FU,Lung,Lung
GTEX-QDVJ-1726-SM-2I5FX,Skin - Sun Exposed (Lower leg),Skin
GTEX-QDVJ-1826-SM-2S1P3,Adipose - Subcutaneous,Adipose Tissue
GTEX-QDVJ-1926-SM-2S1PJ,Muscle - Skeletal,Muscle
GTEX-QDVJ-2026-SM-2S1PD,Nerve - Tibial,Nerve
GTEX-QDVN-0326-SM-2I3FS,Heart - Left Ventricle,Heart
GTEX-QDVN-0626-SM-2I3FP,Thyroid,Thyroid
GTEX-QDVN-0726-SM-2I3FO,Lung,Lung
GTEX-QDVN-0926-SM-2I5GL,Pancreas,Pancreas
GTEX-QDVN-2026-SM-3GAEP,Skin - Sun Exposed (Lower leg),Skin
GTEX-QDVN-2226-SM-2S1PM,Nerve - Tibial,Nerve
GTEX-QDVN-2326-SM-2S1PF,Artery - Tibial,Blood Vessel
GTEX-QDVN-2426-SM-2S1Q4,Muscle - Skeletal,Muscle
GTEX-QEG4-0006-SM-2I5FY,Whole Blood,Blood
GTEX-QEG4-0226-SM-2S1PY,Skin - Sun Exposed (Lower leg),Skin
GTEX-QEG4-0426-SM-33HC3,Heart - Left Ventricle,Heart
GTEX-QEG4-0626-SM-2S1OY,Muscle - Skeletal,Muscle
GTEX-QEG4-1126-SM-2S1P7,Nerve - Tibial,Nerve
GTEX-QEG4-1226-SM-2S1P6,Artery - Tibial,Blood Vessel
GTEX-QEG5-0006-SM-2I5FZ,Whole Blood,Blood
GTEX-QEG5-0226-SM-2I5GI,Skin - Sun Exposed (Lower leg),Skin
GTEX-QEG5-0326-SM-2S1PB,Adipose - Subcutaneous,Adipose Tissue
GTEX-QEG5-0426-SM-2I5GJ,Muscle - Skeletal,Muscle
GTEX-QEG5-0626-SM-2S1PP,Artery - Tibial,Blood Vessel
GTEX-QEG5-0826-SM-2I5GF,Thyroid,Thyroid
GTEX-QEG5-0926-SM-2TC64,Heart - Left Ventricle,Heart
GTEX-QEG5-1126-SM-33HC2,Lung,Lung
GTEX-QEL4-0326-SM-3GAE5,Adipose - Subcutaneous,Adipose Tissue
GTEX-QEL4-0426-SM-3GACZ,Nerve - Tibial,Nerve
GTEX-QEL4-0526-SM-3GIJ4,Artery - Tibial,Blood Vessel
GTEX-QEL4-0626-SM-3GIJM,Muscle - Skeletal,Muscle
GTEX-QEL4-0726-SM-3GIJ5,Thyroid,Thyroid
GTEX-QEL4-0826-SM-3GAF2,Lung,Lung
GTEX-QEL4-0926-SM-3GAD1,Heart - Left Ventricle,Heart
GTEX-QESD-0006-SM-2I5G6,Whole Blood,Blood
GTEX-QESD-0526-SM-2I5G5,Heart - Left Ventricle,Heart
GTEX-QESD-0626-SM-2I5G4,Lung,Lung
GTEX-QESD-1426-SM-2S1R9,Skin - Sun Exposed (Lower leg),Skin
GTEX-QESD-1526-SM-2S1QT,Adipose - Subcutaneous,Adipose Tissue
GTEX-QESD-1626-SM-2S1RB,Muscle - Skeletal,Muscle
GTEX-QESD-1726-SM-2S1R7,Nerve - Tibial,Nerve
GTEX-QLQ7-0005-SM-2S1QP,Whole Blood - postmortem,Blood
GTEX-QLQ7-0526-SM-2I5G3,Heart - Left Ventricle,Heart
GTEX-QLQ7-0726-SM-2I5G2,Thyroid,Thyroid
GTEX-QLQ7-1526-SM-2S1QA,Adipose - Subcutaneous,Adipose Tissue
GTEX-QLQ7-1626-SM-2S1R8,Skin - Sun Exposed (Lower leg),Skin
GTEX-QLQ7-1726-SM-2S1QQ,Muscle - Skeletal,Muscle
GTEX-QLQ7-1826-SM-2S1R5,Nerve - Tibial,Nerve
GTEX-QLQ7-1926-SM-2S1R6,Artery - Tibial,Blood Vessel
GTEX-QLQW-0005-SM-2S1RA,Whole Blood - postmortem,Blood
GTEX-QLQW-1126-SM-2S1Q8,Skin - Sun Exposed (Lower leg),Skin
GTEX-QLQW-1226-SM-2S1Q9,Adipose - Subcutaneous,Adipose Tissue
GTEX-QLQW-1326-SM-2S1QS,Muscle - Skeletal,Muscle
GTEX-QLQW-1426-SM-2S1QU,Nerve - Tibial,Nerve
GTEX-QLQW-1526-SM-2S1QV,Artery - Tibial,Blood Vessel
GTEX-QMR6-0011-R10A-SM-32PKO,Brain - Frontal Cortex (BA9),Brain
GTEX-QMR6-0011-R11A-SM-32PKK,Brain - Cerebellar Hemisphere,Brain
GTEX-QMR6-0011-R1A-SM-32PKW,Brain - Hippocampus,Brain
GTEX-QMR6-0011-R2A-SM-32PKV,Brain - Substantia nigra,Brain
GTEX-QMR6-0011-R4A-SM-32PKU,Brain - Amygdala,Brain
GTEX-QMR6-0011-R5A-SM-32PKT,Brain - Caudate (basal ganglia),Brain
GTEX-QMR6-0011-R6A-SM-32PKP,Brain - Nucleus accumbens (basal ganglia),Brain
GTEX-QMR6-0011-R7A-SM-32PKL,Brain - Putamen (basal ganglia),Brain
GTEX-QMR6-0011-R8A-SM-32PKJ,Brain - Hypothalamus,Brain
GTEX-QMR6-1326-SM-32PLB,Brain - Cerebellum,Brain
GTEX-QMR6-1426-SM-32PLA,Brain - Cortex,Brain
GTEX-QMR6-1926-SM-32PL9,Lung,Lung
GTEX-QMRM-0005-SM-3NB2A,Whole Blood - postmortem,Blood
GTEX-QMRM-0526-SM-2I5GA,Heart - Left Ventricle,Heart
GTEX-QMRM-0726-SM-2I5G8,Thyroid,Thyroid
GTEX-QMRM-0826-SM-3NB33,Lung,Lung
GTEX-QMRM-1726-SM-2S1QG,Adipose - Subcutaneous,Adipose Tissue
GTEX-QV31-0726-SM-3GAEG,Thyroid,Thyroid
GTEX-QV31-1326-SM-2S1QE,Adipose - Subcutaneous,Adipose Tissue
GTEX-QV31-1426-SM-2S1QD,Muscle - Skeletal,Muscle
GTEX-QV31-1626-SM-2S1QC,Artery - Tibial,Blood Vessel
GTEX-QV44-0526-SM-2S1RE,Heart - Left Ventricle,Heart
GTEX-QV44-0826-SM-2S1RG,Thyroid,Thyroid
GTEX-QV44-0926-SM-2S1RH,Lung,Lung
GTEX-QV44-1926-SM-2S1RF,Skin - Sun Exposed (Lower leg),Skin
GTEX-QV44-2026-SM-2S1RD,Muscle - Skeletal,Muscle
GTEX-QVJO-0006-SM-2S1RC,Whole Blood,Blood
GTEX-QVJO-0011-R10A-SM-2S1QJ,Brain - Frontal Cortex (BA9),Brain
GTEX-QVJO-0011-R1A-SM-2S1QI,Brain - Hippocampus,Brain
GTEX-QVJO-0011-R2A-SM-2S1QK,Brain - Substantia nigra,Brain
GTEX-QVJO-0011-R4A-SM-2S1QL,Brain - Amygdala,Brain
GTEX-QVJO-0011-R5A-SM-2S1QM,Brain - Caudate (basal ganglia),Brain
GTEX-QVJO-0011-R6A-SM-2S1QN,Brain - Nucleus accumbens (basal ganglia),Brain
GTEX-QVJO-0011-R9A-SM-2S1QH,Brain - Spinal cord (cervical c-1),Brain
GTEX-QVJO-0126-SM-3GIK4,Muscle - Skeletal,Muscle
GTEX-QVJO-1325-SM-2S1QX,Brain - Cerebellum,Brain
GTEX-QVJO-1426-SM-2S1QY,Brain - Cortex,Brain
GTEX-QVJO-1626-SM-2S1QW,Skin - Sun Exposed (Lower leg),Skin
GTEX-QVUS-0006-SM-3GAE8,Whole Blood,Blood
GTEX-QVUS-0011-R10A-SM-3GIK3,Brain - Frontal Cortex (BA9),Brain
GTEX-QVUS-0011-R1A-SM-3GAD2,Brain - Hippocampus,Brain
GTEX-QVUS-0011-R3A-SM-3GAFD,Brain - Anterior cingulate cortex (BA24),Brain
GTEX-QVUS-0011-R4A-SM-3GAE7,Brain - Amygdala,Brain
GTEX-QVUS-0011-R6A-SM-3GACX,Brain - Nucleus accumbens (basal ganglia),Brain
GTEX-QVUS-0011-R8A-SM-3GAD7,Brain - Hypothalamus,Brain
GTEX-QVUS-0011-R9A-SM-3GIJA,Brain - Spinal cord (cervical c-1),Brain
GTEX-QVUS-0226-SM-3GIJY,Muscle - Skeletal,Muscle
GTEX-QVUS-2826-SM-3GADB,Brain - Cortex,Brain
GTEX-QVUS-2926-SM-3GIJB,Brain - Cerebellum,Brain
GTEX-QXCU-0006-SM-2TC5K,Whole Blood,Blood
GTEX-QXCU-0126-SM-2TC5Q,Nerve - Tibial,Nerve
GTEX-QXCU-0226-SM-2TC5W,Artery - Tibial,Blood Vessel
GTEX-QXCU-0326-SM-2TC63,Thyroid,Thyroid
GTEX-QXCU-0626-SM-2TC69,Lung,Lung
GTEX-QXCU-1726-SM-2TC6L,Muscle - Skeletal,Muscle
GTEX-R3RS-0005-SM-3GAEH,Whole Blood,Blood
GTEX-R3RS-0126-SM-3GIJL,Skin - Sun Exposed (Lower leg),Skin
GTEX-R3RS-0526-SM-3GADG,Muscle - Skeletal,Muscle
GTEX-R3RS-0726-SM-3GIJR,Thyroid,Thyroid
GTEX-R3RS-1026-SM-3GADF,Lung,Lung
GTEX-R45C-0006-SM-3GAD6,Whole Blood,Blood
GTEX-R45C-0926-SM-3GAD4,Heart - Left Ventricle,Heart
GTEX-R53T-0005-SM-3GADK,Whole Blood - postmortem,Blood
GTEX-R53T-0526-SM-3GADL,Thyroid,Thyroid
GTEX-R53T-0926-SM-3GADH,Heart - Left Ventricle,Heart
GTEX-R53T-1626-SM-3GAEW,Adipose - Subcutaneous,Adipose Tissue
GTEX-R53T-1826-SM-3GIJX,Muscle - Skeletal,Muscle
GTEX-R53T-2026-SM-3GIJF,Artery - Tibial,Blood Vessel
GTEX-R55C-0005-SM-3GAE9,Whole Blood - postmortem,Blood
GTEX-R55C-0326-SM-3GAF1,Heart - Left Ventricle,Heart
GTEX-R55C-0526-SM-3GIKA,Lung,Lung
GTEX-R55C-0626-SM-2TF4Q,Thyroid,Thyroid
GTEX-R55C-1726-SM-3GADJ,Muscle - Skeletal,Muscle
GTEX-R55C-1826-SM-3GADI,Artery - Tibial,Blood Vessel
GTEX-R55C-1926-SM-2TF4K,Nerve - Tibial,Nerve
GTEX-R55D-0006-SM-3GIJS,Whole Blood,Blood
GTEX-R55D-0626-SM-3GAD5,Muscle - Skeletal,Muscle
GTEX-R55D-0926-SM-3GAEU,Lung,Lung
GTEX-R55D-1026-SM-3GAEQ,Artery - Aorta,Blood Vessel
GTEX-R55E-0006-SM-2TC5G,Whole Blood,Blood
GTEX-R55E-0011-R11A-SM-2TC6I,Brain - Cerebellar Hemisphere,Brain
GTEX-R55E-0011-R1A-SM-2TC6N,Brain - Hippocampus,Brain
GTEX-R55E-0011-R4A-SM-2TC5H,Brain - Amygdala,Brain
GTEX-R55E-0011-R5A-SM-2TC5N,Brain - Caudate (basal ganglia),Brain
GTEX-R55E-0011-R6A-SM-2TC5T,Brain - Nucleus accumbens (basal ganglia),Brain
GTEX-R55E-0011-R7A-SM-2TC5Z,Brain - Putamen (basal ganglia),Brain
GTEX-R55E-0011-R8A-SM-2TC66,Brain - Hypothalamus,Brain
GTEX-R55E-0011-R9A-SM-2TC6C,Brain - Spinal cord (cervical c-1),Brain
GTEX-R55E-0126-SM-2TC5Y,Skin - Sun Exposed (Lower leg),Skin
GTEX-R55E-0426-SM-2TC65,Nerve - Tibial,Nerve
GTEX-R55E-0526-SM-2TC6B,Muscle - Skeletal,Muscle
GTEX-R55E-0826-SM-2TC5M,Thyroid,Thyroid
GTEX-R55E-1026-SM-2TC5S,Heart - Left Ventricle,Heart
GTEX-R55E-2526-SM-2TC6H,Brain - Cerebellum,Brain
GTEX-R55F-0005-SM-2TF4W,Whole Blood,Blood
GTEX-R55F-0011-R5A-SM-2TF5L,Brain - Caudate (basal ganglia),Brain
GTEX-R55F-0011-R6A-SM-2TF4L,Brain - Nucleus accumbens (basal ganglia),Brain
GTEX-R55F-0011-R8A-SM-2TF4F,Brain - Hypothalamus,Brain
GTEX-R55F-1226-SM-2TF59,Brain - Cerebellum,Brain
GTEX-R55F-1426-SM-2TF53,Adipose - Subcutaneous,Adipose Tissue
GTEX-R55F-1526-SM-2TF4X,Muscle - Skeletal,Muscle
GTEX-R55F-1726-SM-2TF4R,Breast - Mammary Tissue,Breast
GTEX-R55G-0006-SM-2TC6O,Whole Blood - postmortem,Blood
GTEX-R55G-0526-SM-2TC5O,Heart - Left Ventricle,Heart
GTEX-R55G-0726-SM-2TC6J,Thyroid,Thyroid
GTEX-R55G-0826-SM-2TC5U,Lung,Lung
GTEX-R55G-2126-SM-2TC67,Nerve - Tibial,Nerve
GTEX-R55G-2326-SM-2TC61,Muscle - Skeletal,Muscle
GTEX-R55G-2426-SM-2TC5I,Adipose - Subcutaneous,Adipose Tissue
GTEX-R55G-2526-SM-2TC6D,Skin - Sun Exposed (Lower leg),Skin
GTEX-REY6-0005-SM-2TF54,Whole Blood,Blood
GTEX-REY6-0326-SM-2TF5A,Adipose - Subcutaneous,Adipose Tissue
GTEX-REY6-0426-SM-2TF5G,Lung,Lung
GTEX-REY6-0526-SM-2TF5M,Thyroid,Thyroid
GTEX-REY6-0626-SM-2TF4G,Nerve - Tibial,Nerve
GTEX-REY6-0726-SM-2TF4M,Artery - Tibial,Blood Vessel
GTEX-REY6-0826-SM-2TF4S,Muscle - Skeletal,Muscle
GTEX-REY6-1026-SM-2TF4Y,Heart - Left Ventricle,Heart
GTEX-RM2N-0006-SM-2TF5H,Whole Blood - postmortem,Blood
GTEX-RM2N-0426-SM-2TF4T,Lung,Lung
GTEX-RM2N-0526-SM-2TF4N,Thyroid,Thyroid
GTEX-RM2N-1426-SM-2TF4H,Skin - Sun Exposed (Lower leg),Skin
GTEX-RM2N-1626-SM-2TF5N,Muscle - Skeletal,Muscle
GTEX-RM2N-1726-SM-2TF55,Adipose - Subcutaneous,Adipose Tissue
GTEX-RM2N-1826-SM-2TF5B,Artery - Tibial,Blood Vessel
GTEX-RN64-0126-SM-2TC68,Skin - Sun Exposed (Lower leg),Skin
GTEX-RN64-0326-SM-2TC5J,Muscle - Skeletal,Muscle
GTEX-RN64-0526-SM-2TC5P,Artery - Tibial,Blood Vessel
GTEX-RN64-0626-SM-2TC5V,Thyroid,Thyroid
GTEX-RN64-1226-SM-2TC6E,Lung,Lung
GTEX-RNOR-0005-SM-2TF4Z,Whole Blood,Blood
GTEX-RNOR-0011-R4A-SM-3GAD3,Brain - Amygdala,Brain
GTEX-RNOR-0011-R5A-SM-2TF4J,Brain - Caudate (basal ganglia),Brain
GTEX-RNOR-0011-R7A-SM-2TF4V,Brain - Putamen (basal ganglia),Brain
GTEX-RNOR-0011-R9A-SM-2TF52,Brain - Spinal cord (cervical c-1),Brain
GTEX-RNOR-0126-SM-2TF57,Skin - Sun Exposed (Lower leg),Skin
GTEX-RNOR-0326-SM-2TF51,Nerve - Tibial,Nerve
GTEX-RNOR-0426-SM-2TF4U,Artery - Tibial,Blood Vessel
GTEX-RNOR-0526-SM-2TF4O,Muscle - Skeletal,Muscle
GTEX-RNOR-0726-SM-2TF5I,Lung,Lung
GTEX-RNOR-0826-SM-2TF5C,Heart - Left Ventricle,Heart
GTEX-RNOR-0926-SM-2TF56,Thyroid,Thyroid
GTEX-RNOR-2226-SM-2TF5O,Brain - Cerebellum,Brain
GTEX-RNOR-2326-SM-2TF4I,Brain - Cortex,Brain
GTEX-RTLS-0006-SM-2TF58,Whole Blood,Blood
GTEX-RTLS-0226-SM-2TF5E,Adipose - Subcutaneous,Adipose Tissue
GTEX-RTLS-0326-SM-2TF6A,Nerve - Tibial,Nerve
GTEX-RTLS-0426-SM-2TF5K,Artery - Tibial,Blood Vessel
GTEX-RTLS-0526-SM-2TF64,Muscle - Skeletal,Muscle
GTEX-RTLS-0826-SM-2TF5Q,Heart - Left Ventricle,Heart
GTEX-RTLS-0926-SM-2TF5X,Lung,Lung
GTEX-RU1J-0003-SM-3K2A8,Cells - EBV-transformed lymphocytes - postmortem,Blood
GTEX-RU1J-0006-SM-2TF6M,Whole Blood - postmortem,Blood
GTEX-RU1J-0126-SM-2TF6Y,Lung,Lung
GTEX-RU1J-0226-SM-2TF5Y,Thyroid,Thyroid
GTEX-RU1J-1726-SM-2TF5S,Muscle - Skeletal,Muscle
GTEX-RU1J-1926-SM-2TF6S,Artery - Tibial,Blood Vessel
GTEX-RU72-0006-SM-2TF65,Whole Blood,Blood
GTEX-RU72-0011-R11A-SM-2TF6J,Brain - Cerebellar Hemisphere,Brain
GTEX-RU72-0011-R2A-SM-2TF6O,Brain - Substantia nigra,Brain
GTEX-RU72-0011-R5A-SM-2TF6U,Brain - Caudate (basal ganglia),Brain
GTEX-RU72-0011-R6A-SM-2TF71,Brain - Nucleus accumbens (basal ganglia),Brain
GTEX-RU72-0011-R7A-SM-2TF5U,Brain - Putamen (basal ganglia),Brain
GTEX-RU72-0011-R8A-SM-2TF61,Brain - Hypothalamus,Brain
GTEX-RU72-0011-R9A-SM-2TF67,Brain - Spinal cord (cervical c-1),Brain
GTEX-RU72-0126-SM-2TF6Z,Thyroid,Thyroid
GTEX-RU72-0326-SM-2TF5T,Heart - Left Ventricle,Heart
GTEX-RU72-0526-SM-2TF5Z,Lung,Lung
GTEX-RU72-0926-SM-2TF6B,Skin - Sun Exposed (Lower leg),Skin
GTEX-RU72-1126-SM-2TF6H,Nerve - Tibial,Nerve
GTEX-RU72-1226-SM-2TF6N,Artery - Tibial,Blood Vessel
GTEX-RU72-1326-SM-2TF6T,Muscle - Skeletal,Muscle
GTEX-RU72-2926-SM-2TF66,Brain - Cerebellum,Brain
GTEX-RUSQ-0003-SM-2XCEB,Cells - EBV-transformed lymphocytes,Blood
GTEX-RUSQ-0526-SM-2TF72,Heart - Left Ventricle,Heart
GTEX-RUSQ-0626-SM-2TF5V,Lung,Lung
GTEX-RUSQ-1026-SM-2TF6V,Thyroid,Thyroid
GTEX-RUSQ-1526-SM-2TF62,Skin - Sun Exposed (Lower leg),Skin
GTEX-RUSQ-1726-SM-2TF68,Muscle - Skeletal,Muscle
GTEX-RUSQ-1826-SM-2TF6E,Nerve - Tibial,Nerve
GTEX-RUSQ-1926-SM-2TF6K,Artery - Tibial,Blood Vessel
GTEX-RVPU-0005-SM-2TF6L,Whole Blood,Blood
GTEX-RVPU-0008-SM-3NM8B,Cells - Transformed fibroblasts,Skin
GTEX-RVPU-0011-R10A-SM-2XCAH,Brain - Frontal Cortex (BA9),Brain
GTEX-RVPU-0011-R11A-SM-2XCAF,Brain - Cerebellar Hemisphere,Brain
GTEX-RVPU-0011-R1A-SM-2XCAI,Brain - Hippocampus,Brain
GTEX-RVPU-0011-R2A-SM-2XCAG,Brain - Substantia nigra,Brain
GTEX-RVPU-0011-R3A-SM-2XCAE,Brain - Anterior cingulate cortex (BA24),Brain
GTEX-RVPU-0011-R5A-SM-2XCAD,Brain - Caudate (basal ganglia),Brain
GTEX-RVPU-0011-R7A-SM-2XCAB,Brain - Putamen (basal ganglia),Brain
GTEX-RVPU-0011-R8A-SM-2TF74,Brain - Hypothalamus,Brain
GTEX-RVPU-0011-R9A-SM-3NM8E,Brain - Spinal cord (cervical c-1),Brain
GTEX-RVPU-2226-SM-2XCAQ,Skin - Sun Exposed (Lower leg),Skin
GTEX-RVPU-2326-SM-2TF6R,Adipose - Subcutaneous,Adipose Tissue
GTEX-RVPU-2426-SM-2XCAR,Muscle - Skeletal,Muscle
GTEX-RVPV-0006-SM-2TF6Q,Whole Blood,Blood
GTEX-RVPV-0011-R11A-SM-2TF6F,Brain - Cerebellar Hemisphere,Brain
GTEX-RVPV-0011-R3A-SM-2TF63,Brain - Anterior cingulate cortex (BA24),Brain
GTEX-RVPV-0011-R5A-SM-2TF69,Brain - Caudate (basal ganglia),Brain
GTEX-RVPV-0226-SM-2TF6W,Artery - Tibial,Blood Vessel
GTEX-RVPV-1226-SM-2TF73,Thyroid,Thyroid
GTEX-RVPV-1726-SM-2TF5W,Lung,Lung
GTEX-RWS6-0001-SM-3NMAL,Cells - EBV-transformed lymphocytes,Blood
GTEX-RWS6-0005-SM-2XCAN,Whole Blood,Blood
GTEX-RWS6-0226-SM-2XCA9,Lung,Lung
GTEX-RWS6-0326-SM-2XCAP,Heart - Left Ventricle,Heart
GTEX-RWS6-0626-SM-2XCAS,Thyroid,Thyroid
GTEX-RWS6-2026-SM-2XCB5,Skin - Sun Exposed (Lower leg),Skin
GTEX-RWS6-2126-SM-2XCAV,Muscle - Skeletal,Muscle
GTEX-RWS6-2326-SM-2XCB4,Artery - Tibial,Blood Vessel
GTEX-RWS6-2426-SM-2XCB9,Nerve - Tibial,Nerve
GTEX-RWSA-0005-SM-2XCAO,Whole Blood,Blood
GTEX-RWSA-0126-SM-2XCBB,Skin - Sun Exposed (Lower leg),Skin
GTEX-RWSA-0226-SM-2XCBA,Adipose - Subcutaneous,Adipose Tissue
GTEX-RWSA-0526-SM-2XCBC,Artery - Tibial,Blood Vessel
GTEX-RWSA-0626-SM-2XCBD,Heart - Left Ventricle,Heart
GTEX-RWSA-0726-SM-2XCBE,Muscle - Skeletal,Muscle
GTEX-RWSA-0826-SM-2XCBF,Thyroid,Thyroid
GTEX-RWSA-1126-SM-2XCAZ,Lung,Lung
GTEX-S32W-0004-SM-2XCE9,Cells - EBV-transformed lymphocytes - postmortem,Blood
GTEX-S32W-0006-SM-2XCAK,Whole Blood - postmortem,Blood
GTEX-S32W-0326-SM-2XCBI,Lung,Lung
GTEX-S32W-0626-SM-2XCBG,Heart - Left Ventricle,Heart
GTEX-S32W-0726-SM-2XCBL,Thyroid,Thyroid
GTEX-S32W-2126-SM-2XCB1,Skin - Sun Exposed (Lower leg),Skin
GTEX-S32W-2226-SM-2XCAY,Adipose - Subcutaneous,Adipose Tissue
GTEX-S32W-2326-SM-2XCAW,Muscle - Skeletal,Muscle
GTEX-S32W-2426-SM-2XCAT,Artery - Tibial,Blood Vessel
GTEX-S32W-2526-SM-2XCB8,Nerve - Tibial,Nerve
GTEX-S33H-0005-SM-2XCAL,Whole Blood,Blood
GTEX-S33H-0626-SM-2XCBJ,Lung,Lung
GTEX-S33H-1126-SM-2XCB6,Adipose - Subcutaneous,Adipose Tissue
GTEX-S33H-2226-SM-2XCB7,Muscle - Skeletal,Muscle
GTEX-S33H-2326-SM-2XCB3,Nerve - Tibial,Nerve
GTEX-S33H-2426-SM-2XCB2,Artery - Tibial,Blood Vessel
GTEX-S341-0006-SM-3NM8D,Whole Blood - postmortem,Blood
GTEX-S341-0226-SM-2XCAX,Thyroid,Thyroid
GTEX-S341-0326-SM-2XCAU,Lung,Lung
GTEX-S341-1626-SM-3K2B8,Adipose - Subcutaneous,Adipose Tissue
GTEX-S341-1726-SM-3K2AK,Skin - Sun Exposed (Lower leg),Skin
GTEX-S341-1826-SM-3K2AB,Muscle - Skeletal,Muscle
GTEX-S341-1926-SM-3K2BA,Nerve - Tibial,Nerve
GTEX-S341-2026-SM-2XCAA,Artery - Tibial,Blood Vessel
GTEX-S3XE-0006-SM-3K2AA,Whole Blood - postmortem,Blood
GTEX-S3XE-0008-SM-3NM8O,Cells - Transformed fibroblasts,Skin
GTEX-S3XE-0426-SM-3K2AC,Heart - Left Ventricle,Heart
GTEX-S3XE-1626-SM-3K2AJ,Adipose - Subcutaneous,Adipose Tissue
GTEX-S3XE-1726-SM-3K2AM,Skin - Sun Exposed (Lower leg),Skin
GTEX-S3XE-1826-SM-3K2B4,Artery - Tibial,Blood Vessel
GTEX-S3XE-1926-SM-3K2B3,Nerve - Tibial,Nerve
GTEX-S3XE-2026-SM-3K2B5,Muscle - Skeletal,Muscle
GTEX-S4P3-0006-SM-3K2AW,Whole Blood,Blood
GTEX-S4P3-0008-SM-3NM8R,Cells - Transformed fibroblasts,Skin
GTEX-S4P3-0226-SM-3K2BD,Thyroid,Thyroid
GTEX-S4P3-1526-SM-3K2AV,Adipose - Subcutaneous,Adipose Tissue
GTEX-S4P3-1626-SM-3K2AZ,Muscle - Skeletal,Muscle
GTEX-S4P3-1826-SM-3K2AL,Artery - Tibial,Blood Vessel
GTEX-S4Q7-0003-SM-3NM8M,Cells - EBV-transformed lymphocytes - postmortem,Blood
GTEX-S4Q7-0006-SM-3K2AT,Whole Blood - postmortem,Blood
GTEX-S4Q7-0008-SM-3NM8A,Cells - Transformed fibroblasts,Skin
GTEX-S4Q7-0326-SM-3K2B1,Thyroid,Thyroid
GTEX-S4Q7-0426-SM-3K2BJ,Lung,Lung
GTEX-S4Q7-1426-SM-3K2B9,Nerve - Tibial,Nerve
GTEX-S4Q7-1526-SM-3K2AG,Muscle - Skeletal,Muscle
GTEX-S4Q7-1626-SM-3K2AE,Adipose - Subcutaneous,Adipose Tissue
GTEX-S4UY-0006-SM-3K2A7,Whole Blood,Blood
GTEX-S4UY-0008-SM-3NM8H,Cells - Transformed fibroblasts,Skin
GTEX-S4UY-0126-SM-3K2BB,Skin - Sun Exposed (Lower leg),Skin
GTEX-S4UY-0226-SM-3K2AP,Adipose - Subcutaneous,Adipose Tissue
GTEX-S4UY-0426-SM-3K2AF,Artery - Tibial,Blood Vessel
GTEX-S4UY-0526-SM-3K2AN,Muscle - Skeletal,Muscle
GTEX-S4UY-0626-SM-3K2AO,Thyroid,Thyroid
GTEX-S4Z8-0006-SM-3K2AQ,Whole Blood - postmortem,Blood
GTEX-S4Z8-0008-SM-33HAZ,Cells - Transformed fibroblasts,Skin
GTEX-S4Z8-0326-SM-3K2AU,Thyroid,Thyroid
GTEX-S4Z8-0426-SM-3K2AH,Lung,Lung
GTEX-S4Z8-1726-SM-3K2AX,Adipose - Subcutaneous,Adipose Tissue
GTEX-S4Z8-1826-SM-3K2BH,Muscle - Skeletal,Muscle
GTEX-S4Z8-1926-SM-3K2AR,Nerve - Tibial,Nerve
GTEX-S4Z8-2026-SM-3K2A9,Artery - Tibial,Blood Vessel
GTEX-S7PM-0006-SM-3NM8C,Whole Blood,Blood
GTEX-S7PM-0008-SM-3NM9Q,Cells - Transformed fibroblasts,Skin
GTEX-S7PM-0011-R5A-SM-3NM8G,Brain - Caudate (basal ganglia),Brain
GTEX-S7PM-0011-R6A-SM-3NM8F,Brain - Nucleus accumbens (basal ganglia),Brain
GTEX-S7PM-0426-SM-3NM91,Artery - Tibial,Blood Vessel
GTEX-S7PM-0526-SM-3NM92,Muscle - Skeletal,Muscle
GTEX-S7SE-0005-SM-2XCEA,Whole Blood,Blood
GTEX-S7SE-0008-SM-33HB1,Cells - Transformed fibroblasts,Skin
GTEX-S7SE-0011-R10A-SM-2XCDF,Brain - Frontal Cortex (BA9),Brain
GTEX-S7SE-0011-R11A-SM-2XCDD,Brain - Cerebellar Hemisphere,Brain
GTEX-S7SE-0011-R1A-SM-2XCDE,Brain - Hippocampus,Brain
GTEX-S7SE-0011-R2A-SM-2XCDC,Brain - Substantia nigra,Brain
GTEX-S7SE-0011-R4A-SM-2XCDB,Brain - Amygdala,Brain
GTEX-S7SE-0011-R5A-SM-2XCDA,Brain - Caudate (basal ganglia),Brain
GTEX-S7SE-0011-R6A-SM-2XCD9,Brain - Nucleus accumbens (basal ganglia),Brain
GTEX-S7SE-0011-R7A-SM-2XCDI,Brain - Putamen (basal ganglia),Brain
GTEX-S7SE-0011-R8A-SM-2XCDG,Brain - Hypothalamus,Brain
GTEX-S7SE-0126-SM-2XCD5,Skin - Sun Exposed (Lower leg),Skin
GTEX-S7SE-0226-SM-2XCD4,Adipose - Subcutaneous,Adipose Tissue
GTEX-S7SE-0526-SM-2XCD8,Artery - Tibial,Blood Vessel
GTEX-S7SE-0726-SM-2XCD7,Thyroid,Thyroid
GTEX-S7SE-0926-SM-2XCD6,Lung,Lung
GTEX-S7SE-2526-SM-2XCDL,Brain - Cerebellum,Brain
GTEX-S7SF-0001-SM-3K2BE,Cells - EBV-transformed lymphocytes - postmortem,Blood
GTEX-S7SF-0006-SM-3K2B6,Whole Blood - postmortem,Blood
GTEX-S7SF-0008-SM-3NM8T,Cells - Transformed fibroblasts,Skin
GTEX-S7SF-0226-SM-3K2BI,Thyroid,Thyroid
GTEX-S7SF-0426-SM-3K2B7,Lung,Lung
GTEX-S7SF-0526-SM-3K2BC,Heart - Left Ventricle,Heart
GTEX-S7SF-1626-SM-3K2AY,Skin - Sun Exposed (Lower leg),Skin
GTEX-S7SF-1826-SM-3K2AD,Adipose - Subcutaneous,Adipose Tissue
GTEX-S7SF-2026-SM-3K2AS,Muscle - Skeletal,Muscle
GTEX-S7SF-2126-SM-3K2B2,Nerve - Tibial,Nerve
GTEX-S7SF-2226-SM-3K2BG,Artery - Tibial,Blood Vessel
GTEX-S95S-0002-SM-3NM8K,Cells - EBV-transformed lymphocytes - postmortem,Blood
GTEX-S95S-0005-SM-2XCEC,Whole Blood - postmortem,Blood
GTEX-S95S-1326-SM-2XCDK,Adipose - Subcutaneous,Adipose Tissue
GTEX-S95S-1426-SM-2XCDM,Muscle - Skeletal,Muscle
GTEX-S95S-1526-SM-2XCDH,Nerve - Tibial,Nerve
GTEX-S95S-1626-SM-2XCDJ,Artery - Tibial,Blood Vessel
GTEX-SE5C-0526-SM-2XCE1,Lung,Lung
GTEX-SE5C-0626-SM-2XCDV,Heart - Left Ventricle,Heart
GTEX-SE5C-1826-SM-2XCE4,Muscle - Skeletal,Muscle
GTEX-SIU7-0001-SM-3NMAW,Cells - EBV-transformed lymphocytes - postmortem,Blood
GTEX-SIU7-0006-SM-2XCE6,Whole Blood - postmortem,Blood
GTEX-SIU7-0426-SM-2XCDX,Heart - Left Ventricle,Heart
GTEX-SIU7-0526-SM-3NM8I,Lung,Lung
GTEX-SIU7-1126-SM-2XCDW,Thyroid,Thyroid
GTEX-SIU7-1826-SM-2XCE2,Muscle - Skeletal,Muscle
GTEX-SIU8-0006-SM-2XCE5,Whole Blood,Blood
GTEX-SIU8-0126-SM-2XCDT,Skin - Sun Exposed (Lower leg),Skin
GTEX-SIU8-0226-SM-2XCDS,Adipose - Subcutaneous,Adipose Tissue
GTEX-SIU8-0326-SM-2XCDR,Nerve - Tibial,Nerve
GTEX-SIU8-0526-SM-2XCDP,Muscle - Skeletal,Muscle
GTEX-SIU8-0626-SM-2XCDN,Thyroid,Thyroid
GTEX-SIU8-0826-SM-2XCDQ,Heart - Left Ventricle,Heart
GTEX-SIU8-0926-SM-2XCDO,Lung,Lung
GTEX-SJXC-0005-SM-2XCE7,Whole Blood,Blood
GTEX-SJXC-0126-SM-2XCFF,Skin - Sun Exposed (Lower leg),Skin
GTEX-SJXC-0226-SM-2XCDU,Adipose - Subcutaneous,Adipose Tissue
GTEX-SJXC-0326-SM-2XCFI,Nerve - Tibial,Nerve
GTEX-SJXC-0426-SM-2XCFH,Artery - Tibial,Blood Vessel
GTEX-SJXC-0526-SM-2XCFG,Muscle - Skeletal,Muscle
GTEX-SJXC-0726-SM-2XCFJ,Thyroid,Thyroid
GTEX-SN8G-0001-SM-3NM8L,Cells - EBV-transformed lymphocytes,Blood
GTEX-SN8G-0006-SM-32PLD,Whole Blood,Blood
GTEX-SN8G-0126-SM-32PLI,Skin - Sun Exposed (Lower leg),Skin
GTEX-SN8G-0326-SM-32PLG,Muscle - Skeletal,Muscle
GTEX-SN8G-0426-SM-32PLF,Nerve - Tibial,Nerve
GTEX-SN8G-0526-SM-32PLE,Artery - Tibial,Blood Vessel
GTEX-SNMC-0006-SM-2XCFE,Whole Blood - postmortem,Blood
GTEX-SNMC-0126-SM-2XCFO,Heart - Left Ventricle,Heart
GTEX-SNMC-1226-SM-2XCFP,Skin - Sun Exposed (Lower leg),Skin
GTEX-SNMC-1326-SM-2XCFK,Adipose - Subcutaneous,Adipose Tissue
GTEX-SNMC-1426-SM-2XCFM,Muscle - Skeletal,Muscle
GTEX-SNMC-1526-SM-2XCFN,Artery - Tibial,Blood Vessel
GTEX-SNOS-0003-SM-3NMAO,Cells - EBV-transformed lymphocytes - postmortem,Blood
GTEX-SNOS-0006-SM-32PLH,Whole Blood - postmortem,Blood
GTEX-SNOS-0226-SM-32PLR,Thyroid,Thyroid
GTEX-SNOS-0426-SM-32PMH,Lung,Lung
GTEX-SNOS-1426-SM-32PLY,Adipose - Subcutaneous,Adipose Tissue
GTEX-SNOS-1526-SM-32PLW,Muscle - Skeletal,Muscle
GTEX-SNOS-1626-SM-3NMA4,Nerve - Tibial,Nerve
GTEX-SNOS-1726-SM-32PLN,Artery - Tibial,Blood Vessel
GTEX-SSA3-0002-SM-3P61R,Cells - EBV-transformed lymphocytes - postmortem,Blood
GTEX-SSA3-0005-SM-32QOT,Whole Blood - postmortem,Blood
GTEX-SSA3-0126-SM-32QPU,Skin - Sun Exposed (Lower leg),Skin
GTEX-SSA3-0226-SM-32QPN,Adipose - Subcutaneous,Adipose Tissue
GTEX-SSA3-0326-SM-32QPS,Muscle - Skeletal,Muscle
GTEX-SSA3-0426-SM-32QPI,Artery - Tibial,Blood Vessel
GTEX-SSA3-0526-SM-32QPL,Nerve - Tibial,Nerve
GTEX-SUCS-0002-SM-3NMAJ,Cells - EBV-transformed lymphocytes - postmortem,Blood
GTEX-SUCS-0226-SM-32PLQ,Thyroid,Thyroid
GTEX-SUCS-0326-SM-32PLL,Heart - Left Ventricle,Heart
GTEX-SUCS-0626-SM-32PM5,Lung,Lung
GTEX-SUCS-1626-SM-32PLS,Muscle - Skeletal,Muscle
GTEX-SUCS-1726-SM-32PM8,Nerve - Tibial,Nerve
GTEX-SUCS-1826-SM-32PM1,Adipose - Subcutaneous,Adipose Tissue
GTEX-SUCS-1926-SM-32PM3,Skin - Sun Exposed (Lower leg),Skin
GTEX-T2IS-0011-R11A-SM-32QPC,Brain - Cerebellar Hemisphere,Brain
GTEX-T2IS-0011-R2A-SM-32QPF,Brain - Substantia nigra,Brain
GTEX-T2IS-0011-R3A-SM-32QPB,Brain - Anterior cingulate cortex (BA24),Brain
GTEX-T2IS-0011-R5A-SM-32QP4,Brain - Caudate (basal ganglia),Brain
GTEX-T2IS-0011-R6A-SM-32QP2,Brain - Nucleus accumbens (basal ganglia),Brain
GTEX-T2IS-0226-SM-32QPH,Adipose - Subcutaneous,Adipose Tissue
GTEX-T2IS-0426-SM-32QPE,Heart - Left Ventricle,Heart
GTEX-T2IS-0526-SM-32QP9,Lung,Lung
GTEX-T2IS-0626-SM-32QP6,Thyroid,Thyroid
GTEX-T2IS-1026-SM-32QP1,Artery - Tibial,Blood Vessel
GTEX-T2IS-1526-SM-32QPR,Breast - Mammary Tissue,Breast
GTEX-T2IS-2626-SM-32QPP,Muscle - Skeletal,Muscle
GTEX-T2IS-2926-SM-32QPO,Brain - Cerebellum,Brain
GTEX-T2IS-3026-SM-32QPM,Brain - Cortex,Brain
GTEX-T2IS-3126-SM-32QPK,Pituitary,Pituitary
GTEX-T2YK-0005-SM-32QOV,Whole Blood,Blood
GTEX-T2YK-0526-SM-32QPJ,Skin - Sun Exposed (Lower leg),Skin
GTEX-T2YK-2226-SM-32QPT,Breast - Mammary Tissue,Breast
GTEX-T5JC-0001-SM-3NMAK,Cells - EBV-transformed lymphocytes,Blood
GTEX-T5JC-0011-R10A-SM-32PM2,Brain - Frontal Cortex (BA9),Brain
GTEX-T5JC-0011-R11A-SM-32PMB,Brain - Cerebellar Hemisphere,Brain
GTEX-T5JC-0011-R1A-SM-32PM6,Brain - Hippocampus,Brain
GTEX-T5JC-0011-R2A-SM-32PLZ,Brain - Substantia nigra,Brain
GTEX-T5JC-0011-R4A-SM-32PLT,Brain - Amygdala,Brain
GTEX-T5JC-0011-R5A-SM-32PLK,Brain - Caudate (basal ganglia),Brain
GTEX-T5JC-0011-R7A-SM-32PME,Brain - Putamen (basal ganglia),Brain
GTEX-T5JC-0011-R8A-SM-32PLM,Brain - Hypothalamus,Brain
GTEX-T5JC-0011-R9A-SM-32PLV,Brain - Spinal cord (cervical c-1),Brain
GTEX-T5JC-0226-SM-32PMA,Artery - Tibial,Blood Vessel
GTEX-T5JC-0426-SM-32PLO,Skin - Sun Exposed (Lower leg),Skin
GTEX-T5JC-0526-SM-32PM7,Adipose - Subcutaneous,Adipose Tissue
GTEX-T5JC-0626-SM-3NMA6,Muscle - Skeletal,Muscle
GTEX-T5JC-0826-SM-32PMC,Lung,Lung
GTEX-T5JC-2126-SM-32PMO,Breast - Mammary Tissue,Breast
GTEX-T5JC-2326-SM-32PMR,Brain - Cerebellum,Brain
GTEX-T5JC-2426-SM-3NMDB,Brain - Cortex,Brain
GTEX-T5JW-0003-SM-3NMAD,Cells - EBV-transformed lymphocytes - postmortem,Blood
GTEX-T5JW-0005-SM-3GADE,Whole Blood - postmortem,Blood
GTEX-T5JW-1226-SM-3GACY,Thyroid,Thyroid
GTEX-T5JW-1626-SM-3GADZ,Skin - Sun Exposed (Lower leg),Skin
GTEX-T5JW-1726-SM-3GADN,Adipose - Subcutaneous,Adipose Tissue
GTEX-T5JW-1826-SM-3GAE1,Muscle - Skeletal,Muscle
GTEX-T6MN-0002-SM-3NMAH,Cells - EBV-transformed lymphocytes,Blood
GTEX-T6MN-0005-SM-32PLJ,Whole Blood,Blood
GTEX-T6MN-0011-R10A-SM-32QP7,Brain - Frontal Cortex (BA9),Brain
GTEX-T6MN-0011-R11A-SM-32QOX,Brain - Cerebellar Hemisphere,Brain
GTEX-T6MN-0011-R1A-SM-32QOY,Brain - Hippocampus,Brain
GTEX-T6MN-0011-R2A-SM-32QOW,Brain - Substantia nigra,Brain
GTEX-T6MN-0011-R4A-SM-32QPG,Brain - Amygdala,Brain
GTEX-T6MN-0011-R5A-SM-32QPD,Brain - Caudate (basal ganglia),Brain
GTEX-T6MN-0011-R6A-SM-32QP8,Brain - Nucleus accumbens (basal ganglia),Brain
GTEX-T6MN-0011-R7A-SM-32QP5,Brain - Putamen (basal ganglia),Brain
GTEX-T6MN-0011-R8A-SM-32QP3,Brain - Hypothalamus,Brain
GTEX-T6MN-0011-R9A-SM-32QOZ,Brain - Spinal cord (cervical c-1),Brain
GTEX-T6MN-0126-SM-32PLP,Skin - Sun Exposed (Lower leg),Skin
GTEX-T6MN-0226-SM-32PMD,Adipose - Subcutaneous,Adipose Tissue
GTEX-T6MN-0326-SM-32PMK,Nerve - Tibial,Nerve
GTEX-T6MN-0426-SM-32PMF,Artery - Tibial,Blood Vessel
GTEX-T6MN-0526-SM-32PMS,Muscle - Skeletal,Muscle
GTEX-T6MN-0626-SM-32PM9,Thyroid,Thyroid
GTEX-T6MN-0726-SM-32PML,Breast - Mammary Tissue,Breast
GTEX-T6MN-0826-SM-32PM4,Lung,Lung
GTEX-T6MN-0926-SM-32PLX,Heart - Left Ventricle,Heart
GTEX-T6MN-1226-SM-3NMA5,Liver,Liver
GTEX-T6MN-2526-SM-32PMN,Brain - Cerebellum,Brain
GTEX-T6MN-2626-SM-32PMQ,Brain - Cortex,Brain
GTEX-T6MO-0003-SM-3NMAG,Cells - EBV-transformed lymphocytes - postmortem,Blood
GTEX-T6MO-0006-SM-32QOU,Whole Blood - postmortem,Blood
GTEX-T6MO-0226-SM-32QOL,Thyroid,Thyroid
GTEX-T6MO-0326-SM-32QOK,Breast - Mammary Tissue,Breast
GTEX-T6MO-0426-SM-32QOI,Lung,Lung
GTEX-T6MO-1626-SM-32QOM,Skin - Sun Exposed (Lower leg),Skin
GTEX-T6MO-1726-SM-33HB8,Adipose - Subcutaneous,Adipose Tissue
GTEX-T6MO-1926-SM-32QOJ,Artery - Tibial,Blood Vessel
GTEX-T6MO-2026-SM-33HB4,Nerve - Tibial,Nerve
GTEX-T8EM-0006-SM-3DB71,Whole Blood,Blood
GTEX-T8EM-0226-SM-3DB7C,Thyroid,Thyroid
GTEX-T8EM-0326-SM-3DB7F,Lung,Lung
GTEX-T8EM-1026-SM-3DB7M,Skin - Sun Exposed (Lower leg),Skin
GTEX-T8EM-1126-SM-3DB7D,Adipose - Subcutaneous,Adipose Tissue
GTEX-T8EM-1326-SM-3DB7G,Muscle - Skeletal,Muscle
GTEX-T8EM-1526-SM-3DB7I,Nerve - Tibial,Nerve
GTEX-T8EM-1626-SM-3DB7K,Artery - Tibial,Blood Vessel
GTEX-TKQ1-0003-SM-3NMAE,Cells - EBV-transformed lymphocytes - postmortem,Blood
GTEX-TKQ1-0006-SM-33HBI,Whole Blood - postmortem,Blood
GTEX-TKQ1-0126-SM-33HB3,Thyroid,Thyroid
GTEX-TKQ1-0226-SM-33HB5,Breast - Mammary Tissue,Breast
GTEX-TKQ2-0004-SM-3NMAC,Cells - EBV-transformed lymphocytes - postmortem,Blood
GTEX-TKQ2-0006-SM-33HBH,Whole Blood - postmortem,Blood
GTEX-TKQ2-0826-SM-33HB6,Muscle - Skeletal,Muscle
GTEX-TKQ2-1026-SM-33HB7,Artery - Tibial,Blood Vessel
GTEX-TKQ2-1826-SM-33HB2,Breast - Mammary Tissue,Breast
GTEX-TML8-0001-SM-3NMAF,Cells - EBV-transformed lymphocytes - postmortem,Blood
GTEX-TML8-0005-SM-32QPA,Whole Blood - postmortem,Blood
GTEX-TML8-0526-SM-32QOQ,Pancreas,Pancreas
GTEX-TML8-1226-SM-32QON,Breast - Mammary Tissue,Breast
GTEX-TML8-1626-SM-32QOO,Nerve - Tibial,Nerve
GTEX-TML8-1826-SM-32QOR,Muscle - Skeletal,Muscle
GTEX-TML8-1926-SM-32QOS,Skin - Sun Exposed (Lower leg),Skin
GTEX-TML8-2026-SM-32QOP,Adipose - Subcutaneous,Adipose Tissue
GTEX-TMMY-0005-SM-33HBN,Whole Blood,Blood
GTEX-TMMY-0226-SM-33HBA,Skin - Sun Exposed (Lower leg),Skin
GTEX-TMMY-0426-SM-33HBB,Muscle - Skeletal,Muscle
GTEX-TMMY-0526-SM-33HBC,Nerve - Tibial,Nerve
GTEX-TMMY-0626-SM-33HBD,Artery - Tibial,Blood Vessel
GTEX-TMMY-0726-SM-33HBE,Breast - Mammary Tissue,Breast
GTEX-TMMY-0826-SM-33HB9,Thyroid,Thyroid
GTEX-TMMY-0926-SM-33HBG,Lung,Lung
GTEX-TMZS-0001-SM-3P61Q,Cells - EBV-transformed lymphocytes - postmortem,Blood
GTEX-TMZS-0006-SM-3DB8G,Whole Blood - postmortem,Blood
GTEX-TMZS-0126-SM-3DB9Q,Skin - Sun Exposed (Lower leg),Skin
GTEX-TMZS-0226-SM-3DB9N,Adipose - Subcutaneous,Adipose Tissue
GTEX-TMZS-0326-SM-3DB9P,Muscle - Skeletal,Muscle
GTEX-TSE9-0011-R10A-SM-3DB7O,Brain - Frontal Cortex (BA9),Brain
GTEX-TSE9-0011-R11A-SM-3DB7N,Brain - Cerebellar Hemisphere,Brain
GTEX-TSE9-0011-R1A-SM-3DB7E,Brain - Hippocampus,Brain
GTEX-TSE9-0011-R4A-SM-3DB7H,Brain - Amygdala,Brain
GTEX-TSE9-0011-R5A-SM-3DB7J,Brain - Caudate (basal ganglia),Brain
GTEX-TSE9-0011-R6A-SM-3DB7L,Brain - Nucleus accumbens (basal ganglia),Brain
GTEX-TSE9-0011-R7A-SM-3DB7P,Brain - Putamen (basal ganglia),Brain
GTEX-TSE9-0011-R8A-SM-3DB7R,Brain - Hypothalamus,Brain
GTEX-TSE9-0011-R9A-SM-3DB7Q,Brain - Spinal cord (cervical c-1),Brain
GTEX-TSE9-0126-SM-3DB83,Skin - Sun Exposed (Lower leg),Skin
GTEX-TSE9-0226-SM-3DB84,Adipose - Subcutaneous,Adipose Tissue
GTEX-TSE9-0326-SM-3DB82,Nerve - Tibial,Nerve
GTEX-TSE9-0426-SM-3DB81,Artery - Tibial,Blood Vessel
GTEX-TSE9-0526-SM-3DB7Z,Muscle - Skeletal,Muscle
GTEX-TSE9-0626-SM-3DB8B,Thyroid,Thyroid
GTEX-TSE9-0726-SM-3DB8C,Lung,Lung
GTEX-TSE9-2926-SM-3DB77,Brain - Cerebellum,Brain
GTEX-TSE9-3026-SM-3DB76,Brain - Cortex,Brain
GTEX-U3ZH-0002-SM-3NMDD,Cells - EBV-transformed lymphocytes - postmortem,Blood
GTEX-U3ZH-0005-SM-3DB72,Whole Blood - postmortem,Blood
GTEX-U3ZH-0226-SM-3DB7B,Thyroid,Thyroid
GTEX-U3ZH-0326-SM-3DB7A,Heart - Left Ventricle,Heart
GTEX-U3ZH-0526-SM-3DB75,Lung,Lung
GTEX-U3ZH-1626-SM-3DB74,Nerve - Tibial,Nerve
GTEX-U3ZH-1726-SM-3DB79,Artery - Tibial,Blood Vessel
GTEX-U3ZH-2026-SM-3DB78,Skin - Sun Exposed (Lower leg),Skin
GTEX-U3ZM-0002-SM-3NMDM,Cells - EBV-transformed lymphocytes - postmortem,Blood
GTEX-U3ZM-0126-SM-3DB8M,Thyroid,Thyroid
GTEX-U3ZM-0426-SM-3DB73,Lung,Lung
GTEX-U3ZM-1226-SM-3DB9G,Muscle - Skeletal,Muscle
GTEX-U3ZM-1526-SM-3DB9D,Skin - Sun Exposed (Lower leg),Skin
GTEX-U3ZN-0002-SM-3NMDF,Cells - EBV-transformed lymphocytes - postmortem,Blood
GTEX-U3ZN-0006-SM-3DB7Y,Whole Blood - postmortem,Blood
GTEX-U3ZN-0226-SM-3DB8D,Liver,Liver
GTEX-U3ZN-0326-SM-3DB86,Thyroid,Thyroid
GTEX-U3ZN-0626-SM-3DB7U,Lung,Lung
GTEX-U3ZN-1426-SM-3DB87,Heart - Left Ventricle,Heart
GTEX-U3ZN-2226-SM-3DB88,Muscle - Skeletal,Muscle
GTEX-U3ZN-2326-SM-3DB7W,Skin - Sun Exposed (Lower leg),Skin
GTEX-U3ZN-2526-SM-3DB7V,Artery - Tibial,Blood Vessel
GTEX-U3ZN-2626-SM-3DB7T,Adipose - Subcutaneous,Adipose Tissue
GTEX-U412-0006-SM-3DB8J,Whole Blood,Blood
GTEX-U412-0226-SM-3NMC8,Artery - Tibial,Blood Vessel
GTEX-U412-0326-SM-3DB9L,Muscle - Skeletal,Muscle
GTEX-U412-0426-SM-3DB9O,Skin - Sun Exposed (Lower leg),Skin
GTEX-U412-0526-SM-3DB9I,Adipose - Subcutaneous,Adipose Tissue
GTEX-U412-0826-SM-3DB9K,Lung,Lung
GTEX-U4B1-0006-SM-3DB8E,Whole Blood - postmortem,Blood
GTEX-U4B1-0326-SM-3DB8K,Heart - Left Ventricle,Heart
GTEX-U4B1-0626-SM-3DB8L,Thyroid,Thyroid
GTEX-U4B1-1626-SM-3DB8N,Muscle - Skeletal,Muscle
GTEX-U4B1-1726-SM-3DB9F,Adipose - Subcutaneous,Adipose Tissue
GTEX-U4B1-1926-SM-3DB9E,Artery - Tibial,Blood Vessel
GTEX-U8T8-0005-SM-3DB8F,Whole Blood,Blood
GTEX-U8T8-0126-SM-3DB94,Skin - Sun Exposed (Lower leg),Skin
GTEX-U8T8-0326-SM-3DB93,Artery - Tibial,Blood Vessel
GTEX-U8T8-0426-SM-3DB8X,Nerve - Tibial,Nerve
GTEX-U8T8-1426-SM-3DB9H,Muscle - Skeletal,Muscle
GTEX-U8T8-2226-SM-3DB95,Lung,Lung
GTEX-U8T8-2326-SM-3DB96,Thyroid,Thyroid
GTEX-U8XE-0005-SM-3DB8I,Whole Blood,Blood
GTEX-U8XE-0326-SM-3DB8P,Skin - Sun Exposed (Lower leg),Skin
GTEX-U8XE-0426-SM-3DB91,Adipose - Subcutaneous,Adipose Tissue
GTEX-U8XE-0526-SM-3DB8R,Nerve - Tibial,Nerve
GTEX-U8XE-0626-SM-3DB8U,Artery - Tibial,Blood Vessel
GTEX-U8XE-0726-SM-3DB8O,Muscle - Skeletal,Muscle
GTEX-U8XE-0926-SM-3DB8V,Heart - Atrial Appendage,Heart
GTEX-U8XE-1126-SM-3DB8W,Heart - Left Ventricle,Heart
GTEX-U8XE-1426-SM-3DB8Q,Lung,Lung
GTEX-U8XE-1926-SM-3DB98,Adipose - Visceral (Omentum),Adipose Tissue
GTEX-U8XE-2026-SM-3DB8S,Pancreas,Pancreas
GTEX-UJHI-0006-SM-3DB8H,Whole Blood,Blood
GTEX-UJHI-0426-SM-3DB8Y,Heart - Left Ventricle,Heart
GTEX-UJHI-0626-SM-3DB8T,Pancreas,Pancreas
GTEX-UJHI-0726-SM-3DB92,Lung,Lung
GTEX-UJHI-1426-SM-3DB9C,Breast - Mammary Tissue,Breast
GTEX-UJHI-1526-SM-3DB99,Skin - Sun Exposed (Lower leg),Skin
GTEX-UJHI-1626-SM-3DB9A,Adipose - Subcutaneous,Adipose Tissue
GTEX-UJHI-1726-SM-3DB9B,Muscle - Skeletal,Muscle
GTEX-UJHI-1926-SM-3DB8Z,Artery - Tibial,Blood Vessel
GTEX-UJMC-0005-SM-3GACU,Whole Blood - postmortem,Blood
GTEX-UJMC-0326-SM-3GAE2,Thyroid,Thyroid
GTEX-UJMC-0526-SM-3GAE3,Heart - Left Ventricle,Heart
GTEX-UJMC-0726-SM-3GADX,Lung,Lung
GTEX-UJMC-1126-SM-3GADP,Pancreas,Pancreas
GTEX-UJMC-1826-SM-3GADT,Muscle - Skeletal,Muscle
GTEX-UJMC-1926-SM-3GADS,Nerve - Tibial,Nerve
GTEX-UJMC-2026-SM-3GADR,Artery - Tibial,Blood Vessel
GTEX-UPIC-0002-SM-3NMDC,Cells - EBV-transformed lymphocytes - postmortem,Blood
GTEX-UPIC-0005-SM-3GACV,Whole Blood - postmortem,Blood
GTEX-UPIC-0226-SM-3GADO,Thyroid,Thyroid
GTEX-UPIC-0726-SM-3GADW,Pancreas,Pancreas
GTEX-UPIC-0826-SM-3GADQ,Lung,Lung
GTEX-UPJH-0001-SM-3NMDE,Cells - EBV-transformed lymphocytes,Blood
GTEX-UPJH-0006-SM-3GACW,Whole Blood,Blood
GTEX-UPJH-0226-SM-3GADV,Skin - Not Sun Exposed (Suprapubic),Skin
GTEX-UPJH-0326-SM-3GADU,Skin - Sun Exposed (Lower leg),Skin
GTEX-UPK5-0003-SM-3NMDI,Cells - EBV-transformed lymphocytes,Blood
GTEX-UPK5-0006-SM-3GAD8,Whole Blood,Blood
GTEX-UPK5-0126-SM-3GADM,Artery - Coronary,Blood Vessel
GTEX-UPK5-0226-SM-3GAEV,Heart - Atrial Appendage,Heart
GTEX-UPK5-0326-SM-3GAF3,Heart - Left Ventricle,Heart
GTEX-UPK5-0426-SM-3GAEK,Skin - Not Sun Exposed (Suprapubic),Skin
GTEX-UPK5-1126-SM-3GAEJ,Lung,Lung
GTEX-UPK5-1826-SM-3GAEB,Adipose - Visceral (Omentum),Adipose Tissue
GTEX-UPK5-2326-SM-3P5Z8,Breast - Mammary Tissue,Breast
GTEX-UTHO-0006-SM-3NMCC,Whole Blood,Blood
GTEX-UTHO-0011-R10A-SM-3GIJQ,Brain - Frontal Cortex (BA9),Brain
GTEX-UTHO-0011-R11A-SM-3GIJE,Brain - Cerebellar Hemisphere,Brain
GTEX-UTHO-0011-R1A-SM-3GIJO,Brain - Hippocampus,Brain
GTEX-UTHO-0011-R2A-SM-3GIKC,Brain - Substantia nigra,Brain
GTEX-UTHO-0011-R3A-SM-3GIK8,Brain - Anterior cingulate cortex (BA24),Brain
GTEX-UTHO-0011-R4A-SM-3GIJP,Brain - Amygdala,Brain
GTEX-UTHO-0011-R5A-SM-3GIJD,Brain - Caudate (basal ganglia),Brain
GTEX-UTHO-0011-R6A-SM-3GIJW,Brain - Nucleus accumbens (basal ganglia),Brain
GTEX-UTHO-0426-SM-3GAED,Adipose - Subcutaneous,Adipose Tissue
GTEX-UTHO-0726-SM-3GAEN,Muscle - Skeletal,Muscle
GTEX-UTHO-1026-SM-3GAF7,Breast - Mammary Tissue,Breast
GTEX-UTHO-1226-SM-3GAEE,Heart - Atrial Appendage,Heart
GTEX-UTHO-1826-SM-3GAFE,Adipose - Visceral (Omentum),Adipose Tissue
GTEX-UTHO-2926-SM-3P5Z9,Brain - Cerebellum,Brain
GTEX-UTHO-3026-SM-3GAFB,Brain - Cortex,Brain
GTEX-UTHO-3126-SM-3P5ZB,Pituitary,Pituitary
GTEX-V1D1-0003-SM-3NMDP,Cells - EBV-transformed lymphocytes - postmortem,Blood
GTEX-V1D1-0006-SM-3NMCE,Whole Blood - postmortem,Blood
GTEX-V1D1-0826-SM-3P5ZA,Lung,Lung
GTEX-V1D1-2026-SM-3GAF4,Skin - Not Sun Exposed (Suprapubic),Skin
GTEX-V1D1-2226-SM-3NMAX,Skin - Sun Exposed (Lower leg),Skin
GTEX-V1D1-2426-SM-3GAER,Muscle - Skeletal,Muscle
GTEX-V955-0004-SM-3NMDH,Cells - EBV-transformed lymphocytes - postmortem,Blood
GTEX-V955-0005-SM-3P5ZC,Whole Blood - postmortem,Blood
GTEX-V955-0426-SM-3GAEL,Thyroid,Thyroid
GTEX-V955-0726-SM-3GAFG,Heart - Left Ventricle,Heart
GTEX-V955-2026-SM-3GAFA,Breast - Mammary Tissue,Breast
GTEX-V955-2426-SM-3GAEF,Muscle - Skeletal,Muscle
GTEX-V955-2626-SM-3NM9F,Artery - Tibial,Blood Vessel
GTEX-VJWN-0005-SM-3GIKF,Whole Blood,Blood
GTEX-VJWN-0126-SM-3GIK7,Skin - Sun Exposed (Lower leg),Skin
GTEX-VJWN-0426-SM-3GIJI,Muscle - Skeletal,Muscle
GTEX-VJWN-0626-SM-3NMAN,Artery - Tibial,Blood Vessel
GTEX-VJWN-0726-SM-3GIJ8,Breast - Mammary Tissue,Breast
GTEX-VJYA-0001-SM-3NMDJ,Cells - EBV-transformed lymphocytes - postmortem,Blood
GTEX-VJYA-0005-SM-3P5ZD,Whole Blood - postmortem,Blood
GTEX-VJYA-0326-SM-3GAEX,Lung,Lung
GTEX-VJYA-0426-SM-3GIJK,Thyroid,Thyroid
GTEX-VJYA-1126-SM-3GIJU,Skin - Sun Exposed (Lower leg),Skin
GTEX-VJYA-1226-SM-3GIJ6,Prostate,Prostate
GTEX-VJYA-1326-SM-3GIJC,Adipose - Subcutaneous,Adipose Tissue
GTEX-VJYA-1526-SM-3GIJV,Skin - Not Sun Exposed (Suprapubic),Skin
GTEX-VJYA-1726-SM-3NMDQ,Nerve - Tibial,Nerve
GTEX-VJYA-1926-SM-3GIJJ,Muscle - Skeletal,Muscle
GTEX-VUSG-0003-SM-3NMDK,Cells - EBV-transformed lymphocytes,Blood
GTEX-VUSG-0006-SM-3GIK9,Whole Blood,Blood
GTEX-VUSG-0326-SM-3GIJ7,Pancreas,Pancreas
GTEX-VUSG-0426-SM-3GIKD,Thyroid,Thyroid
GTEX-VUSG-0726-SM-3GIK1,Heart - Atrial Appendage,Heart
GTEX-VUSG-0926-SM-3GIK6,Lung,Lung
GTEX-VUSG-1426-SM-3GIJN,Adipose - Visceral (Omentum),Adipose Tissue
GTEX-VUSH-0004-SM-3P61T,Cells - EBV-transformed lymphocytes - postmortem,Blood
GTEX-VUSH-0005-SM-3NB2H,Whole Blood - postmortem,Blood
GTEX-VUSH-0326-SM-3NB2I,Muscle - Skeletal,Muscle
GTEX-VUSH-0526-SM-3NB2J,Artery - Tibial,Blood Vessel
GTEX-W5WG-0002-SM-3NMDN,Cells - EBV-transformed lymphocytes - postmortem,Blood
GTEX-W5WG-0006-SM-3GIJT,Whole Blood - postmortem,Blood
GTEX-W5WG-2326-SM-3GIJH,Nerve - Tibial,Nerve
GTEX-W5X1-0001-SM-3P61V,Cells - EBV-transformed lymphocytes - postmortem,Blood
GTEX-W5X1-0006-SM-3GIJZ,Whole Blood - postmortem,Blood
GTEX-W5X1-0426-SM-3GILB,Thyroid,Thyroid
GTEX-W5X1-0526-SM-3GILH,Lung,Lung
GTEX-W5X1-0826-SM-3GILN,Heart - Atrial Appendage,Heart
GTEX-W5X1-1426-SM-3GIKH,Adipose - Visceral (Omentum),Adipose Tissue
GTEX-W5X1-2326-SM-3GIL6,Breast - Mammary Tissue,Breast
GTEX-W5X1-2526-SM-3GILC,Skin - Not Sun Exposed (Suprapubic),Skin
GTEX-W5X1-2826-SM-3GILM,Nerve - Tibial,Nerve
GTEX-WCDI-0002-SM-3P61U,Cells - EBV-transformed lymphocytes - postmortem,Blood
GTEX-WCDI-0005-SM-3NB2M,Whole Blood - postmortem,Blood
GTEX-WEY5-0001-SM-3P61Z,Cells - EBV-transformed lymphocytes,Blood
GTEX-WEY5-0006-SM-3GIKG,Whole Blood,Blood
GTEX-WEY5-0226-SM-3GIKN,Heart - Atrial Appendage,Heart
GTEX-WEY5-0426-SM-3GIKT,Heart - Left Ventricle,Heart
GTEX-WEY5-0526-SM-3GIKZ,Thyroid,Thyroid
GTEX-WEY5-1326-SM-3GILS,Adipose - Visceral (Omentum),Adipose Tissue
GTEX-WEY5-1926-SM-3GIL8,Adipose - Subcutaneous,Adipose Tissue
GTEX-WEY5-2026-SM-3GILE,Muscle - Skeletal,Muscle
GTEX-WEY5-2126-SM-3GILK,Artery - Tibial,Blood Vessel
GTEX-WEY5-2226-SM-3GILQ,Nerve - Tibial,Nerve
GTEX-WEY5-2326-SM-3GIKK,Skin - Not Sun Exposed (Suprapubic),Skin
GTEX-WFG7-0001-SM-3P61S,Cells - EBV-transformed lymphocytes - postmortem,Blood
GTEX-WFG7-0005-SM-3GIKM,Whole Blood - postmortem,Blood
GTEX-WFG7-0326-SM-3GILI,Thyroid,Thyroid
GTEX-WFG7-0526-SM-3GIKI,Lung,Lung
GTEX-WFG7-0726-SM-3GIKO,Heart - Left Ventricle,Heart
GTEX-WFG7-0826-SM-3GIKU,Heart - Atrial Appendage,Heart
GTEX-WFG7-1826-SM-3GIL1,Prostate,Prostate
GTEX-WFG7-2026-SM-3GIL7,Skin - Not Sun Exposed (Suprapubic),Skin
GTEX-WFG7-2226-SM-3GIKP,Muscle - Skeletal,Muscle
GTEX-WFG7-2326-SM-3GIKV,Artery - Tibial,Blood Vessel
GTEX-WFG7-2426-SM-3GIL2,Nerve - Tibial,Nerve
GTEX-WFG8-0006-SM-3GIKS,Whole Blood - postmortem,Blood
GTEX-WFG8-0426-SM-3GILD,Thyroid,Thyroid
GTEX-WFG8-0626-SM-3GILJ,Heart - Left Ventricle,Heart
GTEX-WFG8-0726-SM-3GILP,Heart - Atrial Appendage,Heart
GTEX-WFG8-0926-SM-3GIKJ,Lung,Lung
GTEX-WFG8-2126-SM-3GIKQ,Skin - Not Sun Exposed (Suprapubic),Skin
GTEX-WFG8-2226-SM-3GIL9,Skin - Sun Exposed (Lower leg),Skin
GTEX-WFG8-2326-SM-3GILF,Adipose - Subcutaneous,Adipose Tissue
GTEX-WFG8-2426-SM-3GILL,Muscle - Skeletal,Muscle
GTEX-WFG8-2526-SM-3GILR,Nerve - Tibial,Nerve
GTEX-WFJO-0002-SM-3P61X,Cells - EBV-transformed lymphocytes - postmortem,Blood
GTEX-WFJO-0005-SM-3GIKY,Whole Blood - postmortem,Blood
GTEX-WFJO-0226-SM-3GIKW,Thyroid,Thyroid
GTEX-WFJO-0326-SM-3GIL3,Lung,Lung
GTEX-WFJO-1026-SM-3GIKL,Adipose - Visceral (Omentum),Adipose Tissue
GTEX-WFJO-1926-SM-3GILA,Adipose - Subcutaneous,Adipose Tissue
GTEX-WFON-0001-SM-3P61W,Cells - EBV-transformed lymphocytes - postmortem,Blood
GTEX-WFON-0005-SM-3NMC9,Whole Blood - postmortem,Blood
GTEX-WFON-0226-SM-3GIKR,Heart - Atrial Appendage,Heart
GTEX-WFON-0326-SM-3GIKX,Heart - Left Ventricle,Heart
GTEX-WFON-0426-SM-3GIL4,Lung,Lung
GTEX-WFON-1226-SM-3TW8F,Adipose - Visceral (Omentum),Adipose Tissue
GTEX-WFON-1826-SM-3GILG,Breast - Mammary Tissue,Breast
GTEX-WFON-1926-SM-3LK7L,Skin - Not Sun Exposed (Suprapubic),Skin
GTEX-WFON-2126-SM-3LK7O,Skin - Sun Exposed (Lower leg),Skin
GTEX-WFON-2226-SM-3TW8W,Adipose - Subcutaneous,Adipose Tissue
GTEX-WFON-2326-SM-3LK7M,Muscle - Skeletal,Muscle
GTEX-WFON-2526-SM-3LK7P,Artery - Tibial,Blood Vessel
GTEX-WH7G-0005-SM-3NMBX,Whole Blood - postmortem,Blood
GTEX-WH7G-0326-SM-3NMBH,Heart - Atrial Appendage,Heart
GTEX-WH7G-0426-SM-3NMBJ,Heart - Left Ventricle,Heart
GTEX-WH7G-0526-SM-3NMBI,Thyroid,Thyroid
GTEX-WH7G-0726-SM-3NMBM,Lung,Lung
GTEX-WH7G-1126-SM-3NMBK,Adipose - Visceral (Omentum),Adipose Tissue
GTEX-WH7G-2026-SM-3NMBL,Skin - Not Sun Exposed (Suprapubic),Skin
GTEX-WH7G-2226-SM-3NMBN,Adipose - Subcutaneous,Adipose Tissue
GTEX-WH7G-2326-SM-3NMBC,Skin - Sun Exposed (Lower leg),Skin
GTEX-WH7G-2626-SM-3NMBE,Nerve - Tibial,Nerve
GTEX-WHPG-0004-SM-3NMDO,Cells - EBV-transformed lymphocytes - postmortem,Blood
GTEX-WHPG-0006-SM-3NMBV,Whole Blood - postmortem,Blood
GTEX-WHPG-0226-SM-3NMB9,Thyroid,Thyroid
GTEX-WHPG-0626-SM-3NMBD,Adipose - Visceral (Omentum),Adipose Tissue
GTEX-WHPG-0826-SM-3NMBF,Heart - Left Ventricle,Heart
GTEX-WHPG-1026-SM-3NMBA,Heart - Atrial Appendage,Heart
GTEX-WHPG-1426-SM-3NMBB,Lung,Lung
GTEX-WHPG-2226-SM-3NMBO,Muscle - Skeletal,Muscle
GTEX-WHPG-2326-SM-3NMBP,Artery - Tibial,Blood Vessel
GTEX-WHPG-2626-SM-3NMBR,Skin - Not Sun Exposed (Suprapubic),Skin
GTEX-WHSB-0005-SM-3LK7C,Whole Blood - postmortem,Blood
GTEX-WHSB-0326-SM-3LK6K,Lung,Lung
GTEX-WHSB-1326-SM-3LK6W,Skin - Not Sun Exposed (Suprapubic),Skin
GTEX-WHSB-1626-SM-3LK6J,Thyroid,Thyroid
GTEX-WHSB-1826-SM-3TW8M,Muscle - Skeletal,Muscle
GTEX-WHSB-2026-SM-3LK6H,Nerve - Tibial,Nerve
GTEX-WHSE-0006-SM-3NMBW,Whole Blood,Blood
GTEX-WHSE-0011-R11A-SM-3P5YY,Brain - Cerebellar Hemisphere,Brain
GTEX-WHSE-0011-R1A-SM-3P5ZK,Brain - Hippocampus,Brain
GTEX-WHSE-0011-R2A-SM-3P5ZL,Brain - Substantia nigra,Brain
GTEX-WHSE-0011-R3A-SM-3P5ZM,Brain - Anterior cingulate cortex (BA24),Brain
GTEX-WHSE-0011-R4A-SM-3P5ZN,Brain - Amygdala,Brain
GTEX-WHSE-0011-R5A-SM-3P5ZO,Brain - Caudate (basal ganglia),Brain
GTEX-WHSE-0011-R6A-SM-3P5ZP,Brain - Nucleus accumbens (basal ganglia),Brain
GTEX-WHSE-0011-R7A-SM-3P5YZ,Brain - Putamen (basal ganglia),Brain
GTEX-WHSE-0011-R8A-SM-3P5Z1,Brain - Hypothalamus,Brain
GTEX-WHSE-0126-SM-3NMBT,Skin - Not Sun Exposed (Suprapubic),Skin
GTEX-WHSE-0926-SM-3NMBS,Heart - Left Ventricle,Heart
GTEX-WHSE-1126-SM-3NMBU,Artery - Tibial,Blood Vessel
GTEX-WHSE-2926-SM-3NMBG,Brain - Cerebellum,Brain
GTEX-WHSE-3026-SM-3P5ZH,Brain - Cortex,Brain
GTEX-WHSE-3126-SM-3P5ZI,Pituitary,Pituitary
GTEX-WHWD-0005-SM-3LK7D,Whole Blood - postmortem,Blood
GTEX-WHWD-0326-SM-3LK6L,Heart - Atrial Appendage,Heart
GTEX-WHWD-0426-SM-3LK83,Heart - Left Ventricle,Heart
GTEX-WHWD-0826-SM-3LK6R,Adipose - Visceral (Omentum),Adipose Tissue
GTEX-WHWD-1826-SM-3LK6I,Skin - Not Sun Exposed (Suprapubic),Skin
GTEX-WHWD-2326-SM-3LK6Q,Nerve - Tibial,Nerve
GTEX-WHWD-2426-SM-3LK6S,Artery - Tibial,Blood Vessel
GTEX-WI4N-0626-SM-3TW8Z,Heart - Left Ventricle,Heart
GTEX-WI4N-0726-SM-3TW93,Heart - Atrial Appendage,Heart
GTEX-WI4N-0926-SM-3LK7K,Thyroid,Thyroid
GTEX-WI4N-1026-SM-3LK7N,Skin - Sun Exposed (Lower leg),Skin
GTEX-WI4N-1126-SM-3LK7Q,Adipose - Subcutaneous,Adipose Tissue
GTEX-WI4N-1426-SM-3LK7H,Breast - Mammary Tissue,Breast
GTEX-WI4N-2726-SM-3LK7Y,Skin - Not Sun Exposed (Suprapubic),Skin
GTEX-WK11-0006-SM-3NB3J,Whole Blood,Blood
GTEX-WK11-0526-SM-3NB3O,Lung,Lung
GTEX-WK11-0626-SM-3NMAV,Heart - Atrial Appendage,Heart
GTEX-WK11-0926-SM-3NMAU,Thyroid,Thyroid
GTEX-WK11-2426-SM-3NMAA,Adipose - Visceral (Omentum),Adipose Tissue
GTEX-WK11-2526-SM-3NM9Y,Muscle - Skeletal,Muscle
GTEX-WK11-2726-SM-3NMAQ,Skin - Not Sun Exposed (Suprapubic),Skin
GTEX-WL46-0011-R10A-SM-3MJFQ,Brain - Frontal Cortex (BA9),Brain
GTEX-WL46-0011-R11A-SM-3MJFT,Brain - Cerebellar Hemisphere,Brain
GTEX-WL46-0011-R1A-SM-3LK6M,Brain - Hippocampus,Brain
GTEX-WL46-0011-R2A-SM-3LK6O,Brain - Substantia nigra,Brain
GTEX-WL46-0011-R3A-SM-3TW8E,Brain - Anterior cingulate cortex (BA24),Brain
GTEX-WL46-0011-R5A-SM-3LK6V,Brain - Caudate (basal ganglia),Brain
GTEX-WL46-0011-R6A-SM-3LK6X,Brain - Nucleus accumbens (basal ganglia),Brain
GTEX-WL46-0011-R7A-SM-3LK7X,Brain - Putamen (basal ganglia),Brain
GTEX-WL46-0011-R9A-SM-3MJFP,Brain - Spinal cord (cervical c-1),Brain
GTEX-WL46-0126-SM-3TW8I,Thyroid,Thyroid
GTEX-WL46-0326-SM-3LK6Y,Adipose - Subcutaneous,Adipose Tissue
GTEX-WL46-0426-SM-3TW8J,Nerve - Tibial,Nerve
GTEX-WL46-0526-SM-3LK7W,Artery - Tibial,Blood Vessel
GTEX-WL46-0626-SM-3LK7R,Muscle - Skeletal,Muscle
GTEX-WL46-0726-SM-3LK5Z,Heart - Atrial Appendage,Heart
GTEX-WL46-0926-SM-3LK7T,Heart - Left Ventricle,Heart
GTEX-WL46-2026-SM-3LK7U,Adipose - Visceral (Omentum),Adipose Tissue
GTEX-WL46-2826-SM-3LK81,Brain - Cerebellum,Brain
GTEX-WL46-2926-SM-3LK82,Brain - Cortex,Brain
GTEX-WL46-3026-SM-3LK7Z,Pituitary,Pituitary
GTEX-WOFL-0006-SM-3TW8K,Whole Blood,Blood
GTEX-WOFL-0126-SM-3MJG2,Skin - Sun Exposed (Lower leg),Skin
GTEX-WOFL-0626-SM-3MJG3,Muscle - Skeletal,Muscle
GTEX-WOFL-0726-SM-3MJG4,Thyroid,Thyroid
GTEX-WOFL-0826-SM-3MJG1,Breast - Mammary Tissue,Breast
GTEX-WOFM-0005-SM-3MJF3,Whole Blood - postmortem,Blood
GTEX-WOFM-0126-SM-3MJFE,Lung,Lung
GTEX-WOFM-0726-SM-3MJF8,Adipose - Visceral (Omentum),Adipose Tissue
GTEX-WOFM-1326-SM-3MJFR,Muscle - Skeletal,Muscle
GTEX-WOFM-1626-SM-3MJFX,Nerve - Tibial,Nerve
GTEX-WOFM-1726-SM-3MJFA,Artery - Tibial,Blood Vessel
GTEX-WQUQ-0006-SM-3MJF4,Whole Blood,Blood
GTEX-WQUQ-0426-SM-3MJFU,Skin - Sun Exposed (Lower leg),Skin
GTEX-WQUQ-1326-SM-3MJFF,Heart - Atrial Appendage,Heart
GTEX-WQUQ-1426-SM-3MJFD,Heart - Left Ventricle,Heart
GTEX-WRHK-0005-SM-3MJF5,Whole Blood - postmortem,Blood
GTEX-WRHK-0826-SM-3MJFG,Adipose - Visceral (Omentum),Adipose Tissue
GTEX-WRHK-1426-SM-3MJF9,Skin - Sun Exposed (Lower leg),Skin
GTEX-WRHK-1626-SM-3MJFH,Muscle - Skeletal,Muscle
GTEX-WRHK-1726-SM-3MJFK,Artery - Tibial,Blood Vessel
GTEX-WRHU-0006-SM-3MJF6,Whole Blood,Blood
GTEX-WRHU-0226-SM-3MJFV,Lung,Lung
GTEX-WRHU-0326-SM-3MJFY,Breast - Mammary Tissue,Breast
GTEX-WRHU-0626-SM-3MJFI,Nerve - Tibial,Nerve
GTEX-WRHU-0726-SM-3MJFL,Artery - Tibial,Blood Vessel
GTEX-WRHU-0826-SM-3MJFN,Muscle - Skeletal,Muscle
GTEX-WRHU-2826-SM-3MJG8,Skin - Not Sun Exposed (Suprapubic),Skin
GTEX-WVLH-0006-SM-3MJF7,Whole Blood,Blood
GTEX-WVLH-0011-R10A-SM-3MJFM,Brain - Frontal Cortex (BA9),Brain
GTEX-WVLH-0011-R11A-SM-3MJFO,Brain - Cerebellar Hemisphere,Brain
GTEX-WVLH-0011-R2A-SM-3MJFJ,Brain - Substantia nigra,Brain
GTEX-WVLH-0011-R4A-SM-3MJFS,Brain - Amygdala,Brain
GTEX-WVLH-0011-R5A-SM-3MJFW,Brain - Caudate (basal ganglia),Brain
GTEX-WVLH-0011-R6A-SM-3MJFZ,Brain - Nucleus accumbens (basal ganglia),Brain
GTEX-WVLH-0011-R7A-SM-3MJFB,Brain - Putamen (basal ganglia),Brain
GTEX-WVLH-0011-R8A-SM-3MJFC,Brain - Hypothalamus,Brain
GTEX-WVLH-0226-SM-3MJG6,Adipose - Subcutaneous,Adipose Tissue
GTEX-WVLH-0626-SM-3MJG7,Thyroid,Thyroid
GTEX-WVLH-2926-SM-3MJG5,Brain - Cerebellum,Brain
GTEX-WVLH-3026-SM-3MJG9,Brain - Cortex,Brain
GTEX-WVLH-3126-SM-3MJGA,Pituitary,Pituitary
GTEX-WWYW-0005-SM-3NB3K,Whole Blood,Blood
GTEX-WWYW-0011-R10A-SM-3NB35,Brain - Frontal Cortex (BA9),Brain
GTEX-WWYW-0011-R11A-SM-3NB38,Brain - Cerebellar Hemisphere,Brain
GTEX-WWYW-0011-R1A-SM-3TW8G,Brain - Hippocampus,Brain
GTEX-WWYW-0011-R5A-SM-3NB3E,Brain - Caudate (basal ganglia),Brain
GTEX-WWYW-0011-R6A-SM-3NB3G,Brain - Nucleus accumbens (basal ganglia),Brain
GTEX-WWYW-0011-R7A-SM-3NB3H,Brain - Putamen (basal ganglia),Brain
GTEX-WWYW-0011-R8A-SM-3NB3S,Brain - Hypothalamus,Brain
GTEX-WWYW-0426-SM-3NB31,Artery - Tibial,Blood Vessel
GTEX-WWYW-0526-SM-3NB2W,Muscle - Skeletal,Muscle
GTEX-WWYW-0826-SM-3NB2X,Thyroid,Thyroid
GTEX-WWYW-0926-SM-3NB2Z,Lung,Lung
GTEX-WWYW-1126-SM-3NB2Q,Heart - Atrial Appendage,Heart
GTEX-WWYW-1326-SM-3NB2S,Heart - Left Ventricle,Heart
GTEX-WWYW-3026-SM-3NB36,Brain - Cerebellum,Brain
GTEX-WWYW-3126-SM-3NB39,Brain - Cortex,Brain
GTEX-WWYW-3226-SM-3NB3B,Pituitary,Pituitary
GTEX-WXYG-0005-SM-3NB3M,Whole Blood - postmortem,Blood
GTEX-WXYG-0226-SM-3NB2Y,Thyroid,Thyroid
GTEX-WXYG-0926-SM-3NB2O,Adipose - Visceral (Omentum),Adipose Tissue
GTEX-WXYG-2526-SM-3NB3F,Muscle - Skeletal,Muscle
GTEX-WY7C-0006-SM-3NB3L,Whole Blood - postmortem,Blood
GTEX-WY7C-0226-SM-3NB37,Thyroid,Thyroid
GTEX-WY7C-0426-SM-3NB3C,Lung,Lung
GTEX-WY7C-0526-SM-3NB3D,Heart - Left Ventricle,Heart
GTEX-WY7C-0926-SM-3NB34,Adipose - Visceral (Omentum),Adipose Tissue
GTEX-WY7C-1126-SM-3NB3A,Heart - Atrial Appendage,Heart
GTEX-WY7C-2126-SM-3NB2R,Skin - Not Sun Exposed (Suprapubic),Skin
GTEX-WY7C-2326-SM-3NB2U,Skin - Sun Exposed (Lower leg),Skin
GTEX-WY7C-2426-SM-3NB2V,Adipose - Subcutaneous,Adipose Tissue
GTEX-WY7C-2526-SM-3NB2N,Muscle - Skeletal,Muscle
GTEX-WY7C-2626-SM-3NB2P,Nerve - Tibial,Nerve
GTEX-WY7C-2726-SM-3NB3P,Breast - Mammary Tissue,Breast
GTEX-WY7C-2826-SM-3NB3Q,Artery - Tibial,Blood Vessel
GTEX-WYBS-0326-SM-3NM8S,Nerve - Tibial,Nerve
GTEX-WYBS-0426-SM-3NM9M,Artery - Tibial,Blood Vessel
GTEX-WYBS-0626-SM-3NMAS,Skin - Not Sun Exposed (Suprapubic),Skin
GTEX-WYBS-0926-SM-3NM94,Breast - Mammary Tissue,Breast
GTEX-WYBS-1126-SM-3NMAM,Lung,Lung
GTEX-WYBS-1226-SM-3NM9N,Heart - Atrial Appendage,Heart
GTEX-WYBS-1926-SM-3NM8N,Thyroid,Thyroid
GTEX-WYJK-0005-SM-3NMA1,Whole Blood,Blood
GTEX-WYJK-0126-SM-3NMAB,Skin - Sun Exposed (Lower leg),Skin
GTEX-WYJK-0326-SM-3NMA8,Nerve - Tibial,Nerve
GTEX-WYJK-0426-SM-3NM9G,Artery - Tibial,Blood Vessel
GTEX-WYJK-0526-SM-3NM8Z,Skin - Not Sun Exposed (Suprapubic),Skin
GTEX-WYJK-0826-SM-3NM8Y,Lung,Lung
GTEX-WYJK-1026-SM-3NM8W,Heart - Left Ventricle,Heart
GTEX-WYJK-1126-SM-3NM9Z,Heart - Atrial Appendage,Heart
GTEX-WYJK-1326-SM-3NB2T,Breast - Mammary Tissue,Breast
GTEX-WYJK-1426-SM-3NM8V,Adipose - Visceral (Omentum),Adipose Tissue
GTEX-WYJK-1626-SM-3NM9J,Thyroid,Thyroid
GTEX-WYJK-1726-SM-3NM9U,Muscle - Skeletal,Muscle
GTEX-WYVS-0006-SM-3NMA7,Whole Blood,Blood
GTEX-WYVS-0326-SM-3NM9V,Thyroid,Thyroid
GTEX-WYVS-0526-SM-3NM9W,Lung,Lung
GTEX-WYVS-1626-SM-3NM9R,Skin - Not Sun Exposed (Suprapubic),Skin
GTEX-WYVS-1726-SM-3NMAY,Breast - Mammary Tissue,Breast
GTEX-WYVS-2126-SM-3NMA3,Skin - Sun Exposed (Lower leg),Skin
GTEX-WYVS-2326-SM-3NMAI,Muscle - Skeletal,Muscle
GTEX-WYVS-2426-SM-3NMA9,Nerve - Tibial,Nerve
GTEX-WYVS-2526-SM-3NMAT,Artery - Tibial,Blood Vessel
GTEX-WZTO-0006-SM-3NM9T,Whole Blood,Blood
GTEX-WZTO-0011-R1B-SM-3NMAR,Brain - Hippocampus,Brain
GTEX-WZTO-0011-R3B-SM-3NMC6,Brain - Anterior cingulate cortex (BA24),Brain
GTEX-WZTO-0011-R4A-SM-3NMC7,Brain - Amygdala,Brain
GTEX-WZTO-0011-R5B-SM-3NMC5,Brain - Caudate (basal ganglia),Brain
GTEX-WZTO-0126-SM-3NM95,Skin - Sun Exposed (Lower leg),Skin
GTEX-WZTO-0426-SM-3NM99,Lung,Lung
GTEX-WZTO-0826-SM-3NM8Q,Muscle - Skeletal,Muscle
GTEX-WZTO-1026-SM-3NM9P,Nerve - Tibial,Nerve
GTEX-WZTO-1126-SM-3NM93,Artery - Tibial,Blood Vessel
GTEX-WZTO-1226-SM-3NMAZ,Heart - Atrial Appendage,Heart
GTEX-WZTO-1326-SM-3NM8X,Heart - Left Ventricle,Heart
GTEX-WZTO-2826-SM-3NM8P,Brain - Cerebellum,Brain
GTEX-WZTO-2926-SM-3NM9I,Brain - Cortex,Brain
GTEX-WZTO-3026-SM-3NMA2,Pituitary,Pituitary
GTEX-X15G-0005-SM-3NMDA,Whole Blood - postmortem,Blood
GTEX-X15G-0526-SM-3NMB7,Thyroid,Thyroid
GTEX-X15G-1626-SM-3NMB3,Breast - Mammary Tissue,Breast
GTEX-X261-0011-R5A-SM-3NMB4,Brain - Caudate (basal ganglia),Brain
GTEX-X261-0126-SM-3NMD6,Skin - Sun Exposed (Lower leg),Skin
GTEX-X261-0226-SM-3NMD2,Adipose - Subcutaneous,Adipose Tissue
GTEX-X261-0326-SM-3NMD4,Muscle - Skeletal,Muscle
GTEX-X261-0626-SM-3NMD9,Breast - Mammary Tissue,Breast
GTEX-X261-0926-SM-3NMCY,Heart - Atrial Appendage,Heart
GTEX-X261-1026-SM-3NMDL,Lung,Lung
GTEX-X261-3226-SM-3NMC3,Pituitary,Pituitary
GTEX-X3Y1-0006-SM-3P5ZG,Whole Blood - postmortem,Blood
GTEX-X3Y1-0226-SM-3P5Z5,Heart - Atrial Appendage,Heart
GTEX-X3Y1-0426-SM-3P5Z4,Heart - Left Ventricle,Heart
GTEX-X3Y1-0626-SM-3P5YS,Lung,Lung
GTEX-X3Y1-0726-SM-3P5YU,Pancreas,Pancreas
GTEX-X3Y1-0926-SM-3P5YT,Adipose - Visceral (Omentum),Adipose Tissue
GTEX-X3Y1-2026-SM-3P5YM,Skin - Not Sun Exposed (Suprapubic),Skin
GTEX-X3Y1-2426-SM-3P5Z7,Nerve - Tibial,Nerve
GTEX-X4EO-0006-SM-3P5ZF,Whole Blood,Blood
GTEX-X4EO-0126-SM-3P5YN,Nerve - Tibial,Nerve
GTEX-X4EO-0326-SM-3P5YO,Skin - Sun Exposed (Lower leg),Skin
GTEX-X4EO-0526-SM-3P5Z3,Muscle - Skeletal,Muscle
GTEX-X4EO-0926-SM-3P5Z2,Lung,Lung
GTEX-X4EP-0005-SM-3P5ZE,Whole Blood,Blood
GTEX-X4EP-0011-R2B-SM-3P625,Brain - Substantia nigra,Brain
GTEX-X4EP-0011-R5A-SM-3P628,Brain - Caudate (basal ganglia),Brain
GTEX-X4EP-0011-R6A-SM-3P629,Brain - Nucleus accumbens (basal ganglia),Brain
GTEX-X4EP-0126-SM-3P5YV,Skin - Sun Exposed (Lower leg),Skin
GTEX-X4EP-0326-SM-3P5Z6,Heart - Atrial Appendage,Heart
GTEX-X4EP-0526-SM-3P5YW,Lung,Lung
GTEX-X4EP-0626-SM-3P621,Skin - Not Sun Exposed (Suprapubic),Skin
GTEX-X4EP-0726-SM-3P5YJ,Nerve - Tibial,Nerve
GTEX-X4EP-0826-SM-3P5YK,Artery - Tibial,Blood Vessel
GTEX-X4EP-2926-SM-3P5YQ,Breast - Mammary Tissue,Breast
GTEX-X4EP-3026-SM-3P5YP,Brain - Cerebellum,Brain
GTEX-X4EP-3226-SM-3P5YR,Pituitary,Pituitary
GTEX-X4LF-0006-SM-3NMCO,Whole Blood - postmortem,Blood
GTEX-X4LF-0426-SM-3NMB5,Thyroid,Thyroid
GTEX-X4LF-0526-SM-3NMB6,Lung,Lung
GTEX-X4LF-1726-SM-3NMBZ,Adipose - Subcutaneous,Adipose Tissue
GTEX-X4XX-0005-SM-3NMCS,Whole Blood,Blood
GTEX-X4XX-0011-R1B-SM-3P622,Brain - Hippocampus,Brain
GTEX-X4XX-0011-R2A-SM-3P623,Brain - Substantia nigra,Brain
GTEX-X4XX-0126-SM-3NMC2,Skin - Sun Exposed (Lower leg),Skin
GTEX-X4XX-0626-SM-3NMC1,Muscle - Skeletal,Muscle
GTEX-X4XX-1126-SM-3NMBY,Heart - Atrial Appendage,Heart
GTEX-X4XX-2926-SM-3NMB1,Brain - Cerebellum,Brain
GTEX-X4XX-3026-SM-3NMB2,Brain - Cortex,Brain
